emulator,label,iteration,status,rom_sha256,rom_size_bytes,tag,build,metric,count,total_ticks,mean_ticks,min_ticks,max_ticks,budget_ticks,over_budget,checksum,pass
"desmume","software-control",1,124,"9c4a8e4a1ee532431eb41c5635620e0fa0482d768c4454c25b4a3e432a8ab3c0",749568,PPBENCH,bench-improved-lto,benchmark_started,1,1,1,1,1,0,0,00000000,1
"desmume","software-control",1,124,"9c4a8e4a1ee532431eb41c5635620e0fa0482d768c4454c25b4a3e432a8ab3c0",749568,PPBENCH,bench-improved-lto,file_output_ready,1,0,0,0,0,0,0,00000000,1
"desmume","software-control",1,124,"9c4a8e4a1ee532431eb41c5635620e0fa0482d768c4454c25b4a3e432a8ab3c0",749568,PPBENCH,bench-improved-lto,timer_read_overhead_ticks,1,14,14,14,14,0,0,00000000,1
"desmume","software-control",1,124,"9c4a8e4a1ee532431eb41c5635620e0fa0482d768c4454c25b4a3e432a8ab3c0",749568,PPBENCH,bench-improved-lto,scene_things_created,1,27,27,27,27,0,0,d8635f64,1
"desmume","software-control",1,124,"9c4a8e4a1ee532431eb41c5635620e0fa0482d768c4454c25b4a3e432a8ab3c0",749568,PPBENCH,bench-improved-lto,scene_position_sum_x,1,2995,2995,2995,2995,0,0,d8635f64,1
"desmume","software-control",1,124,"9c4a8e4a1ee532431eb41c5635620e0fa0482d768c4454c25b4a3e432a8ab3c0",749568,PPBENCH,bench-improved-lto,scene_position_sum_y,1,1943,1943,1943,1943,0,0,d8635f64,1
"desmume","software-control",1,124,"9c4a8e4a1ee532431eb41c5635620e0fa0482d768c4454c25b4a3e432a8ab3c0",749568,PPBENCH,bench-improved-lto,hit_test_heap_delta_bytes,1,0,0,0,0,0,0,d82df0ac,1
"desmume","software-control",1,124,"9c4a8e4a1ee532431eb41c5635620e0fa0482d768c4454c25b4a3e432a8ab3c0",749568,PPBENCH,bench-improved-lto,touch_create_and_drag,225,3003802,13350,124,200626,0,0,d8635f64,1
"desmume","software-control",1,124,"9c4a8e4a1ee532431eb41c5635620e0fa0482d768c4454c25b4a3e432a8ab3c0",749568,PPBENCH,bench-improved-lto,hit_test,600,1053819,1756,1191,4319,0,0,d82df0ac,1
"desmume","software-control",1,124,"9c4a8e4a1ee532431eb41c5635620e0fa0482d768c4454c25b4a3e432a8ab3c0",749568,PPBENCH,bench-improved-lto,physics_step,240,129443940,539349,341126,1013963,558566,84,f49066a8,1
"desmume","software-control",1,124,"9c4a8e4a1ee532431eb41c5635620e0fa0482d768c4454c25b4a3e432a8ab3c0",749568,PPBENCH,bench-improved-lto,render_frame,240,28134792,117228,56506,217908,558566,0,f49066a8,1
"desmume","software-control",1,124,"9c4a8e4a1ee532431eb41c5635620e0fa0482d768c4454c25b4a3e432a8ab3c0",749568,PPBENCH,bench-improved-lto,render_begin,240,245883,1024,1024,1025,558566,0,f49066a8,1
"desmume","software-control",1,124,"9c4a8e4a1ee532431eb41c5635620e0fa0482d768c4454c25b4a3e432a8ab3c0",749568,PPBENCH,bench-improved-lto,render_canvas,240,27771901,115716,54989,216410,558566,0,f49066a8,1
"desmume","software-control",1,124,"9c4a8e4a1ee532431eb41c5635620e0fa0482d768c4454c25b4a3e432a8ab3c0",749568,PPBENCH,bench-improved-lto,render_end,240,35531,148,134,154,558566,0,f49066a8,1
"desmume","software-control",1,124,"9c4a8e4a1ee532431eb41c5635620e0fa0482d768c4454c25b4a3e432a8ab3c0",749568,PPBENCH,bench-improved-lto,frame_total,240,157722704,657177,425523,1086960,558566,220,f49066a8,1
"desmume","software-control",1,124,"9c4a8e4a1ee532431eb41c5635620e0fa0482d768c4454c25b4a3e432a8ab3c0",749568,PPBENCH,bench-improved-lto,frame_over_1pct_count,1,92,92,92,92,0,0,f49066a8,0
"desmume","software-control",1,124,"9c4a8e4a1ee532431eb41c5635620e0fa0482d768c4454c25b4a3e432a8ab3c0",749568,PPBENCH,bench-improved-lto,frame_over_2x_count,1,0,0,0,0,0,0,f49066a8,1
"desmume","software-control",1,124,"9c4a8e4a1ee532431eb41c5635620e0fa0482d768c4454c25b4a3e432a8ab3c0",749568,PPBENCH,bench-improved-lto,visible_things_rendered,1,5152,5152,5152,5152,0,0,f49066a8,1
"desmume","software-control",1,124,"9c4a8e4a1ee532431eb41c5635620e0fa0482d768c4454c25b4a3e432a8ab3c0",749568,PPBENCH,bench-improved-lto,line_quads_rendered,1,22488,22488,22488,22488,0,0,f49066a8,1
"desmume","software-control",1,124,"9c4a8e4a1ee532431eb41c5635620e0fa0482d768c4454c25b4a3e432a8ab3c0",749568,PPBENCH,bench-improved-lto,things_final,1,27,27,27,27,0,0,f49066a8,1
"desmume","software-control",1,124,"9c4a8e4a1ee532431eb41c5635620e0fa0482d768c4454c25b4a3e432a8ab3c0",749568,PPBENCH,bench-improved-lto,behavior_pass,1,1,1,1,1,0,0,f49066a8,1
"desmume","software-control",1,124,"9c4a8e4a1ee532431eb41c5635620e0fa0482d768c4454c25b4a3e432a8ab3c0",749568,PPBENCH,bench-improved-lto,hit_test_heap_fixed_pass,1,1,1,1,1,0,0,d82df0ac,1
"desmume","software-control",1,124,"9c4a8e4a1ee532431eb41c5635620e0fa0482d768c4454c25b4a3e432a8ab3c0",749568,PPBENCH,bench-improved-lto,overall_pass,1,1,1,1,1,0,0,f49066a8,1
"desmume","software-control",2,124,"9c4a8e4a1ee532431eb41c5635620e0fa0482d768c4454c25b4a3e432a8ab3c0",749568,PPBENCH,bench-improved-lto,benchmark_started,1,1,1,1,1,0,0,00000000,1
"desmume","software-control",2,124,"9c4a8e4a1ee532431eb41c5635620e0fa0482d768c4454c25b4a3e432a8ab3c0",749568,PPBENCH,bench-improved-lto,file_output_ready,1,0,0,0,0,0,0,00000000,1
"desmume","software-control",2,124,"9c4a8e4a1ee532431eb41c5635620e0fa0482d768c4454c25b4a3e432a8ab3c0",749568,PPBENCH,bench-improved-lto,timer_read_overhead_ticks,1,14,14,14,14,0,0,00000000,1
"desmume","software-control",2,124,"9c4a8e4a1ee532431eb41c5635620e0fa0482d768c4454c25b4a3e432a8ab3c0",749568,PPBENCH,bench-improved-lto,scene_things_created,1,27,27,27,27,0,0,d8635f64,1
"desmume","software-control",2,124,"9c4a8e4a1ee532431eb41c5635620e0fa0482d768c4454c25b4a3e432a8ab3c0",749568,PPBENCH,bench-improved-lto,scene_position_sum_x,1,2995,2995,2995,2995,0,0,d8635f64,1
"desmume","software-control",2,124,"9c4a8e4a1ee532431eb41c5635620e0fa0482d768c4454c25b4a3e432a8ab3c0",749568,PPBENCH,bench-improved-lto,scene_position_sum_y,1,1943,1943,1943,1943,0,0,d8635f64,1
"desmume","software-control",2,124,"9c4a8e4a1ee532431eb41c5635620e0fa0482d768c4454c25b4a3e432a8ab3c0",749568,PPBENCH,bench-improved-lto,hit_test_heap_delta_bytes,1,0,0,0,0,0,0,d82df0ac,1
"desmume","software-control",2,124,"9c4a8e4a1ee532431eb41c5635620e0fa0482d768c4454c25b4a3e432a8ab3c0",749568,PPBENCH,bench-improved-lto,touch_create_and_drag,225,3003802,13350,124,200626,0,0,d8635f64,1
"desmume","software-control",2,124,"9c4a8e4a1ee532431eb41c5635620e0fa0482d768c4454c25b4a3e432a8ab3c0",749568,PPBENCH,bench-improved-lto,hit_test,600,1053819,1756,1191,4319,0,0,d82df0ac,1
"desmume","software-control",2,124,"9c4a8e4a1ee532431eb41c5635620e0fa0482d768c4454c25b4a3e432a8ab3c0",749568,PPBENCH,bench-improved-lto,physics_step,240,129443940,539349,341126,1013963,558566,84,f49066a8,1
"desmume","software-control",2,124,"9c4a8e4a1ee532431eb41c5635620e0fa0482d768c4454c25b4a3e432a8ab3c0",749568,PPBENCH,bench-improved-lto,render_frame,240,28134792,117228,56506,217908,558566,0,f49066a8,1
"desmume","software-control",2,124,"9c4a8e4a1ee532431eb41c5635620e0fa0482d768c4454c25b4a3e432a8ab3c0",749568,PPBENCH,bench-improved-lto,render_begin,240,245883,1024,1024,1025,558566,0,f49066a8,1
"desmume","software-control",2,124,"9c4a8e4a1ee532431eb41c5635620e0fa0482d768c4454c25b4a3e432a8ab3c0",749568,PPBENCH,bench-improved-lto,render_canvas,240,27771901,115716,54989,216410,558566,0,f49066a8,1
"desmume","software-control",2,124,"9c4a8e4a1ee532431eb41c5635620e0fa0482d768c4454c25b4a3e432a8ab3c0",749568,PPBENCH,bench-improved-lto,render_end,240,35531,148,134,154,558566,0,f49066a8,1
"desmume","software-control",2,124,"9c4a8e4a1ee532431eb41c5635620e0fa0482d768c4454c25b4a3e432a8ab3c0",749568,PPBENCH,bench-improved-lto,frame_total,240,157722704,657177,425523,1086960,558566,220,f49066a8,1
"desmume","software-control",2,124,"9c4a8e4a1ee532431eb41c5635620e0fa0482d768c4454c25b4a3e432a8ab3c0",749568,PPBENCH,bench-improved-lto,frame_over_1pct_count,1,92,92,92,92,0,0,f49066a8,0
"desmume","software-control",2,124,"9c4a8e4a1ee532431eb41c5635620e0fa0482d768c4454c25b4a3e432a8ab3c0",749568,PPBENCH,bench-improved-lto,frame_over_2x_count,1,0,0,0,0,0,0,f49066a8,1
"desmume","software-control",2,124,"9c4a8e4a1ee532431eb41c5635620e0fa0482d768c4454c25b4a3e432a8ab3c0",749568,PPBENCH,bench-improved-lto,visible_things_rendered,1,5152,5152,5152,5152,0,0,f49066a8,1
"desmume","software-control",2,124,"9c4a8e4a1ee532431eb41c5635620e0fa0482d768c4454c25b4a3e432a8ab3c0",749568,PPBENCH,bench-improved-lto,line_quads_rendered,1,22488,22488,22488,22488,0,0,f49066a8,1
"desmume","software-control",2,124,"9c4a8e4a1ee532431eb41c5635620e0fa0482d768c4454c25b4a3e432a8ab3c0",749568,PPBENCH,bench-improved-lto,things_final,1,27,27,27,27,0,0,f49066a8,1
"desmume","software-control",2,124,"9c4a8e4a1ee532431eb41c5635620e0fa0482d768c4454c25b4a3e432a8ab3c0",749568,PPBENCH,bench-improved-lto,behavior_pass,1,1,1,1,1,0,0,f49066a8,1
"desmume","software-control",2,124,"9c4a8e4a1ee532431eb41c5635620e0fa0482d768c4454c25b4a3e432a8ab3c0",749568,PPBENCH,bench-improved-lto,hit_test_heap_fixed_pass,1,1,1,1,1,0,0,d82df0ac,1
"desmume","software-control",2,124,"9c4a8e4a1ee532431eb41c5635620e0fa0482d768c4454c25b4a3e432a8ab3c0",749568,PPBENCH,bench-improved-lto,overall_pass,1,1,1,1,1,0,0,f49066a8,1
"desmume","ds-arm",1,124,"bab003e11dc5f9807c311126dbd02605bc940d58033ee9993a5772a7a57cefef",739328,PPBENCH,bench-nds-hw-arm,benchmark_started,1,1,1,1,1,0,0,00000000,1
"desmume","ds-arm",1,124,"bab003e11dc5f9807c311126dbd02605bc940d58033ee9993a5772a7a57cefef",739328,PPBENCH,bench-nds-hw-arm,file_output_ready,1,0,0,0,0,0,0,00000000,1
"desmume","ds-arm",1,124,"bab003e11dc5f9807c311126dbd02605bc940d58033ee9993a5772a7a57cefef",739328,PPBENCH,bench-nds-hw-arm,timer_read_overhead_ticks,1,14,14,14,14,0,0,00000000,1
"desmume","ds-arm",1,124,"bab003e11dc5f9807c311126dbd02605bc940d58033ee9993a5772a7a57cefef",739328,PPBENCH,bench-nds-hw-arm,scene_things_created,1,27,27,27,27,0,0,d8635f64,1
"desmume","ds-arm",1,124,"bab003e11dc5f9807c311126dbd02605bc940d58033ee9993a5772a7a57cefef",739328,PPBENCH,bench-nds-hw-arm,scene_position_sum_x,1,2995,2995,2995,2995,0,0,d8635f64,1
"desmume","ds-arm",1,124,"bab003e11dc5f9807c311126dbd02605bc940d58033ee9993a5772a7a57cefef",739328,PPBENCH,bench-nds-hw-arm,scene_position_sum_y,1,1943,1943,1943,1943,0,0,d8635f64,1
"desmume","ds-arm",1,124,"bab003e11dc5f9807c311126dbd02605bc940d58033ee9993a5772a7a57cefef",739328,PPBENCH,bench-nds-hw-arm,hit_test_heap_delta_bytes,1,0,0,0,0,0,0,d82df0ac,1
"desmume","ds-arm",1,124,"bab003e11dc5f9807c311126dbd02605bc940d58033ee9993a5772a7a57cefef",739328,PPBENCH,bench-nds-hw-arm,touch_create_and_drag,225,2437181,10831,123,152466,0,0,d8635f64,1
"desmume","ds-arm",1,124,"bab003e11dc5f9807c311126dbd02605bc940d58033ee9993a5772a7a57cefef",739328,PPBENCH,bench-nds-hw-arm,hit_test,600,1140645,1901,1454,4549,0,0,d82df0ac,1
"desmume","ds-arm",1,124,"bab003e11dc5f9807c311126dbd02605bc940d58033ee9993a5772a7a57cefef",739328,PPBENCH,bench-nds-hw-arm,physics_step,240,52534574,218894,170240,327655,558566,0,8c4d9050,1
"desmume","ds-arm",1,124,"bab003e11dc5f9807c311126dbd02605bc940d58033ee9993a5772a7a57cefef",739328,PPBENCH,bench-nds-hw-arm,render_frame,240,80935737,337232,41440,388622,558566,0,8c4d9050,1
"desmume","ds-arm",1,124,"bab003e11dc5f9807c311126dbd02605bc940d58033ee9993a5772a7a57cefef",739328,PPBENCH,bench-nds-hw-arm,render_begin,240,236750,986,986,987,558566,0,8c4d9050,1
"desmume","ds-arm",1,124,"bab003e11dc5f9807c311126dbd02605bc940d58033ee9993a5772a7a57cefef",739328,PPBENCH,bench-nds-hw-arm,render_canvas,240,80586052,335775,39983,387166,558566,0,8c4d9050,1
"desmume","ds-arm",1,124,"bab003e11dc5f9807c311126dbd02605bc940d58033ee9993a5772a7a57cefef",739328,PPBENCH,bench-nds-hw-arm,render_end,240,31200,130,130,130,558566,0,8c4d9050,1
"desmume","ds-arm",1,124,"bab003e11dc5f9807c311126dbd02605bc940d58033ee9993a5772a7a57cefef",739328,PPBENCH,bench-nds-hw-arm,frame_total,240,133608663,556702,223066,559428,558566,228,8c4d9050,1
"desmume","ds-arm",1,124,"bab003e11dc5f9807c311126dbd02605bc940d58033ee9993a5772a7a57cefef",739328,PPBENCH,bench-nds-hw-arm,frame_over_1pct_count,1,0,0,0,0,0,0,8c4d9050,1
"desmume","ds-arm",1,124,"bab003e11dc5f9807c311126dbd02605bc940d58033ee9993a5772a7a57cefef",739328,PPBENCH,bench-nds-hw-arm,frame_over_2x_count,1,0,0,0,0,0,0,8c4d9050,1
"desmume","ds-arm",1,124,"bab003e11dc5f9807c311126dbd02605bc940d58033ee9993a5772a7a57cefef",739328,PPBENCH,bench-nds-hw-arm,visible_things_rendered,1,5166,5166,5166,5166,0,0,8c4d9050,1
"desmume","ds-arm",1,124,"bab003e11dc5f9807c311126dbd02605bc940d58033ee9993a5772a7a57cefef",739328,PPBENCH,bench-nds-hw-arm,line_quads_rendered,1,22549,22549,22549,22549,0,0,8c4d9050,1
"desmume","ds-arm",1,124,"bab003e11dc5f9807c311126dbd02605bc940d58033ee9993a5772a7a57cefef",739328,PPBENCH,bench-nds-hw-arm,things_final,1,27,27,27,27,0,0,8c4d9050,1
"desmume","ds-arm",1,124,"bab003e11dc5f9807c311126dbd02605bc940d58033ee9993a5772a7a57cefef",739328,PPBENCH,bench-nds-hw-arm,behavior_pass,1,1,1,1,1,0,0,8c4d9050,1
"desmume","ds-arm",1,124,"bab003e11dc5f9807c311126dbd02605bc940d58033ee9993a5772a7a57cefef",739328,PPBENCH,bench-nds-hw-arm,hit_test_heap_fixed_pass,1,1,1,1,1,0,0,d82df0ac,1
"desmume","ds-arm",1,124,"bab003e11dc5f9807c311126dbd02605bc940d58033ee9993a5772a7a57cefef",739328,PPBENCH,bench-nds-hw-arm,overall_pass,1,1,1,1,1,0,0,8c4d9050,1
"desmume","ds-arm",2,124,"bab003e11dc5f9807c311126dbd02605bc940d58033ee9993a5772a7a57cefef",739328,PPBENCH,bench-nds-hw-arm,benchmark_started,1,1,1,1,1,0,0,00000000,1
"desmume","ds-arm",2,124,"bab003e11dc5f9807c311126dbd02605bc940d58033ee9993a5772a7a57cefef",739328,PPBENCH,bench-nds-hw-arm,file_output_ready,1,0,0,0,0,0,0,00000000,1
"desmume","ds-arm",2,124,"bab003e11dc5f9807c311126dbd02605bc940d58033ee9993a5772a7a57cefef",739328,PPBENCH,bench-nds-hw-arm,timer_read_overhead_ticks,1,14,14,14,14,0,0,00000000,1
"desmume","ds-arm",2,124,"bab003e11dc5f9807c311126dbd02605bc940d58033ee9993a5772a7a57cefef",739328,PPBENCH,bench-nds-hw-arm,scene_things_created,1,27,27,27,27,0,0,d8635f64,1
"desmume","ds-arm",2,124,"bab003e11dc5f9807c311126dbd02605bc940d58033ee9993a5772a7a57cefef",739328,PPBENCH,bench-nds-hw-arm,scene_position_sum_x,1,2995,2995,2995,2995,0,0,d8635f64,1
"desmume","ds-arm",2,124,"bab003e11dc5f9807c311126dbd02605bc940d58033ee9993a5772a7a57cefef",739328,PPBENCH,bench-nds-hw-arm,scene_position_sum_y,1,1943,1943,1943,1943,0,0,d8635f64,1
"desmume","ds-arm",2,124,"bab003e11dc5f9807c311126dbd02605bc940d58033ee9993a5772a7a57cefef",739328,PPBENCH,bench-nds-hw-arm,hit_test_heap_delta_bytes,1,0,0,0,0,0,0,d82df0ac,1
"desmume","ds-arm",2,124,"bab003e11dc5f9807c311126dbd02605bc940d58033ee9993a5772a7a57cefef",739328,PPBENCH,bench-nds-hw-arm,touch_create_and_drag,225,2437181,10831,123,152466,0,0,d8635f64,1
"desmume","ds-arm",2,124,"bab003e11dc5f9807c311126dbd02605bc940d58033ee9993a5772a7a57cefef",739328,PPBENCH,bench-nds-hw-arm,hit_test,600,1140645,1901,1454,4549,0,0,d82df0ac,1
"desmume","ds-arm",2,124,"bab003e11dc5f9807c311126dbd02605bc940d58033ee9993a5772a7a57cefef",739328,PPBENCH,bench-nds-hw-arm,physics_step,240,52534574,218894,170240,327655,558566,0,8c4d9050,1
"desmume","ds-arm",2,124,"bab003e11dc5f9807c311126dbd02605bc940d58033ee9993a5772a7a57cefef",739328,PPBENCH,bench-nds-hw-arm,render_frame,240,80935737,337232,41440,388622,558566,0,8c4d9050,1
"desmume","ds-arm",2,124,"bab003e11dc5f9807c311126dbd02605bc940d58033ee9993a5772a7a57cefef",739328,PPBENCH,bench-nds-hw-arm,render_begin,240,236750,986,986,987,558566,0,8c4d9050,1
"desmume","ds-arm",2,124,"bab003e11dc5f9807c311126dbd02605bc940d58033ee9993a5772a7a57cefef",739328,PPBENCH,bench-nds-hw-arm,render_canvas,240,80586052,335775,39983,387166,558566,0,8c4d9050,1
"desmume","ds-arm",2,124,"bab003e11dc5f9807c311126dbd02605bc940d58033ee9993a5772a7a57cefef",739328,PPBENCH,bench-nds-hw-arm,render_end,240,31200,130,130,130,558566,0,8c4d9050,1
"desmume","ds-arm",2,124,"bab003e11dc5f9807c311126dbd02605bc940d58033ee9993a5772a7a57cefef",739328,PPBENCH,bench-nds-hw-arm,frame_total,240,133608663,556702,223066,559428,558566,228,8c4d9050,1
"desmume","ds-arm",2,124,"bab003e11dc5f9807c311126dbd02605bc940d58033ee9993a5772a7a57cefef",739328,PPBENCH,bench-nds-hw-arm,frame_over_1pct_count,1,0,0,0,0,0,0,8c4d9050,1
"desmume","ds-arm",2,124,"bab003e11dc5f9807c311126dbd02605bc940d58033ee9993a5772a7a57cefef",739328,PPBENCH,bench-nds-hw-arm,frame_over_2x_count,1,0,0,0,0,0,0,8c4d9050,1
"desmume","ds-arm",2,124,"bab003e11dc5f9807c311126dbd02605bc940d58033ee9993a5772a7a57cefef",739328,PPBENCH,bench-nds-hw-arm,visible_things_rendered,1,5166,5166,5166,5166,0,0,8c4d9050,1
"desmume","ds-arm",2,124,"bab003e11dc5f9807c311126dbd02605bc940d58033ee9993a5772a7a57cefef",739328,PPBENCH,bench-nds-hw-arm,line_quads_rendered,1,22549,22549,22549,22549,0,0,8c4d9050,1
"desmume","ds-arm",2,124,"bab003e11dc5f9807c311126dbd02605bc940d58033ee9993a5772a7a57cefef",739328,PPBENCH,bench-nds-hw-arm,things_final,1,27,27,27,27,0,0,8c4d9050,1
"desmume","ds-arm",2,124,"bab003e11dc5f9807c311126dbd02605bc940d58033ee9993a5772a7a57cefef",739328,PPBENCH,bench-nds-hw-arm,behavior_pass,1,1,1,1,1,0,0,8c4d9050,1
"desmume","ds-arm",2,124,"bab003e11dc5f9807c311126dbd02605bc940d58033ee9993a5772a7a57cefef",739328,PPBENCH,bench-nds-hw-arm,hit_test_heap_fixed_pass,1,1,1,1,1,0,0,d82df0ac,1
"desmume","ds-arm",2,124,"bab003e11dc5f9807c311126dbd02605bc940d58033ee9993a5772a7a57cefef",739328,PPBENCH,bench-nds-hw-arm,overall_pass,1,1,1,1,1,0,0,8c4d9050,1
"desmume","ds-arm-fast",1,124,"a27c2160a27a34620db7163ddfe64206197bd2c6d6964dd03a8c5244de283427",739328,PPBENCH,bench-nds-hw-arm-fast,benchmark_started,1,1,1,1,1,0,0,00000000,1
"desmume","ds-arm-fast",1,124,"a27c2160a27a34620db7163ddfe64206197bd2c6d6964dd03a8c5244de283427",739328,PPBENCH,bench-nds-hw-arm-fast,file_output_ready,1,0,0,0,0,0,0,00000000,1
"desmume","ds-arm-fast",1,124,"a27c2160a27a34620db7163ddfe64206197bd2c6d6964dd03a8c5244de283427",739328,PPBENCH,bench-nds-hw-arm-fast,timer_read_overhead_ticks,1,13,13,13,13,0,0,00000000,1
"desmume","ds-arm-fast",1,124,"a27c2160a27a34620db7163ddfe64206197bd2c6d6964dd03a8c5244de283427",739328,PPBENCH,bench-nds-hw-arm-fast,scene_things_created,1,27,27,27,27,0,0,d8635f64,1
"desmume","ds-arm-fast",1,124,"a27c2160a27a34620db7163ddfe64206197bd2c6d6964dd03a8c5244de283427",739328,PPBENCH,bench-nds-hw-arm-fast,scene_position_sum_x,1,2995,2995,2995,2995,0,0,d8635f64,1
"desmume","ds-arm-fast",1,124,"a27c2160a27a34620db7163ddfe64206197bd2c6d6964dd03a8c5244de283427",739328,PPBENCH,bench-nds-hw-arm-fast,scene_position_sum_y,1,1943,1943,1943,1943,0,0,d8635f64,1
"desmume","ds-arm-fast",1,124,"a27c2160a27a34620db7163ddfe64206197bd2c6d6964dd03a8c5244de283427",739328,PPBENCH,bench-nds-hw-arm-fast,hit_test_heap_delta_bytes,1,0,0,0,0,0,0,d82df0ac,1
"desmume","ds-arm-fast",1,124,"a27c2160a27a34620db7163ddfe64206197bd2c6d6964dd03a8c5244de283427",739328,PPBENCH,bench-nds-hw-arm-fast,touch_create_and_drag,225,2441318,10850,101,155306,0,0,d8635f64,1
"desmume","ds-arm-fast",1,124,"a27c2160a27a34620db7163ddfe64206197bd2c6d6964dd03a8c5244de283427",739328,PPBENCH,bench-nds-hw-arm-fast,hit_test,600,1089056,1815,1317,4597,0,0,d82df0ac,1
"desmume","ds-arm-fast",1,124,"a27c2160a27a34620db7163ddfe64206197bd2c6d6964dd03a8c5244de283427",739328,PPBENCH,bench-nds-hw-arm-fast,physics_step,240,54028072,225116,173454,334240,558566,0,8c4d9050,1
"desmume","ds-arm-fast",1,124,"a27c2160a27a34620db7163ddfe64206197bd2c6d6964dd03a8c5244de283427",739328,PPBENCH,bench-nds-hw-arm-fast,render_frame,240,79462565,331094,40043,385357,558566,0,8c4d9050,1
"desmume","ds-arm-fast",1,124,"a27c2160a27a34620db7163ddfe64206197bd2c6d6964dd03a8c5244de283427",739328,PPBENCH,bench-nds-hw-arm-fast,render_begin,240,239382,997,997,998,558566,0,8c4d9050,1
"desmume","ds-arm-fast",1,124,"a27c2160a27a34620db7163ddfe64206197bd2c6d6964dd03a8c5244de283427",739328,PPBENCH,bench-nds-hw-arm-fast,render_canvas,240,79111114,329629,38579,383892,558566,0,8c4d9050,1
"desmume","ds-arm-fast",1,124,"a27c2160a27a34620db7163ddfe64206197bd2c6d6964dd03a8c5244de283427",739328,PPBENCH,bench-nds-hw-arm-fast,render_end,240,26044,108,108,109,558566,0,8c4d9050,1
"desmume","ds-arm-fast",1,124,"a27c2160a27a34620db7163ddfe64206197bd2c6d6964dd03a8c5244de283427",739328,PPBENCH,bench-nds-hw-arm-fast,frame_total,240,133632227,556800,224105,559409,558566,228,8c4d9050,1
"desmume","ds-arm-fast",1,124,"a27c2160a27a34620db7163ddfe64206197bd2c6d6964dd03a8c5244de283427",739328,PPBENCH,bench-nds-hw-arm-fast,frame_over_1pct_count,1,0,0,0,0,0,0,8c4d9050,1
"desmume","ds-arm-fast",1,124,"a27c2160a27a34620db7163ddfe64206197bd2c6d6964dd03a8c5244de283427",739328,PPBENCH,bench-nds-hw-arm-fast,frame_over_2x_count,1,0,0,0,0,0,0,8c4d9050,1
"desmume","ds-arm-fast",1,124,"a27c2160a27a34620db7163ddfe64206197bd2c6d6964dd03a8c5244de283427",739328,PPBENCH,bench-nds-hw-arm-fast,visible_things_rendered,1,5166,5166,5166,5166,0,0,8c4d9050,1
"desmume","ds-arm-fast",1,124,"a27c2160a27a34620db7163ddfe64206197bd2c6d6964dd03a8c5244de283427",739328,PPBENCH,bench-nds-hw-arm-fast,line_quads_rendered,1,22549,22549,22549,22549,0,0,8c4d9050,1
"desmume","ds-arm-fast",1,124,"a27c2160a27a34620db7163ddfe64206197bd2c6d6964dd03a8c5244de283427",739328,PPBENCH,bench-nds-hw-arm-fast,things_final,1,27,27,27,27,0,0,8c4d9050,1
"desmume","ds-arm-fast",1,124,"a27c2160a27a34620db7163ddfe64206197bd2c6d6964dd03a8c5244de283427",739328,PPBENCH,bench-nds-hw-arm-fast,behavior_pass,1,1,1,1,1,0,0,8c4d9050,1
"desmume","ds-arm-fast",1,124,"a27c2160a27a34620db7163ddfe64206197bd2c6d6964dd03a8c5244de283427",739328,PPBENCH,bench-nds-hw-arm-fast,hit_test_heap_fixed_pass,1,1,1,1,1,0,0,d82df0ac,1
"desmume","ds-arm-fast",1,124,"a27c2160a27a34620db7163ddfe64206197bd2c6d6964dd03a8c5244de283427",739328,PPBENCH,bench-nds-hw-arm-fast,overall_pass,1,1,1,1,1,0,0,8c4d9050,1
"desmume","ds-arm-fast",2,124,"a27c2160a27a34620db7163ddfe64206197bd2c6d6964dd03a8c5244de283427",739328,PPBENCH,bench-nds-hw-arm-fast,benchmark_started,1,1,1,1,1,0,0,00000000,1
"desmume","ds-arm-fast",2,124,"a27c2160a27a34620db7163ddfe64206197bd2c6d6964dd03a8c5244de283427",739328,PPBENCH,bench-nds-hw-arm-fast,file_output_ready,1,0,0,0,0,0,0,00000000,1
"desmume","ds-arm-fast",2,124,"a27c2160a27a34620db7163ddfe64206197bd2c6d6964dd03a8c5244de283427",739328,PPBENCH,bench-nds-hw-arm-fast,timer_read_overhead_ticks,1,13,13,13,13,0,0,00000000,1
"desmume","ds-arm-fast",2,124,"a27c2160a27a34620db7163ddfe64206197bd2c6d6964dd03a8c5244de283427",739328,PPBENCH,bench-nds-hw-arm-fast,scene_things_created,1,27,27,27,27,0,0,d8635f64,1
"desmume","ds-arm-fast",2,124,"a27c2160a27a34620db7163ddfe64206197bd2c6d6964dd03a8c5244de283427",739328,PPBENCH,bench-nds-hw-arm-fast,scene_position_sum_x,1,2995,2995,2995,2995,0,0,d8635f64,1
"desmume","ds-arm-fast",2,124,"a27c2160a27a34620db7163ddfe64206197bd2c6d6964dd03a8c5244de283427",739328,PPBENCH,bench-nds-hw-arm-fast,scene_position_sum_y,1,1943,1943,1943,1943,0,0,d8635f64,1
"desmume","ds-arm-fast",2,124,"a27c2160a27a34620db7163ddfe64206197bd2c6d6964dd03a8c5244de283427",739328,PPBENCH,bench-nds-hw-arm-fast,hit_test_heap_delta_bytes,1,0,0,0,0,0,0,d82df0ac,1
"desmume","ds-arm-fast",2,124,"a27c2160a27a34620db7163ddfe64206197bd2c6d6964dd03a8c5244de283427",739328,PPBENCH,bench-nds-hw-arm-fast,touch_create_and_drag,225,2441318,10850,101,155306,0,0,d8635f64,1
"desmume","ds-arm-fast",2,124,"a27c2160a27a34620db7163ddfe64206197bd2c6d6964dd03a8c5244de283427",739328,PPBENCH,bench-nds-hw-arm-fast,hit_test,600,1089056,1815,1317,4597,0,0,d82df0ac,1
"desmume","ds-arm-fast",2,124,"a27c2160a27a34620db7163ddfe64206197bd2c6d6964dd03a8c5244de283427",739328,PPBENCH,bench-nds-hw-arm-fast,physics_step,240,54028072,225116,173454,334240,558566,0,8c4d9050,1
"desmume","ds-arm-fast",2,124,"a27c2160a27a34620db7163ddfe64206197bd2c6d6964dd03a8c5244de283427",739328,PPBENCH,bench-nds-hw-arm-fast,render_frame,240,79462565,331094,40043,385357,558566,0,8c4d9050,1
"desmume","ds-arm-fast",2,124,"a27c2160a27a34620db7163ddfe64206197bd2c6d6964dd03a8c5244de283427",739328,PPBENCH,bench-nds-hw-arm-fast,render_begin,240,239382,997,997,998,558566,0,8c4d9050,1
"desmume","ds-arm-fast",2,124,"a27c2160a27a34620db7163ddfe64206197bd2c6d6964dd03a8c5244de283427",739328,PPBENCH,bench-nds-hw-arm-fast,render_canvas,240,79111114,329629,38579,383892,558566,0,8c4d9050,1
"desmume","ds-arm-fast",2,124,"a27c2160a27a34620db7163ddfe64206197bd2c6d6964dd03a8c5244de283427",739328,PPBENCH,bench-nds-hw-arm-fast,render_end,240,26044,108,108,109,558566,0,8c4d9050,1
"desmume","ds-arm-fast",2,124,"a27c2160a27a34620db7163ddfe64206197bd2c6d6964dd03a8c5244de283427",739328,PPBENCH,bench-nds-hw-arm-fast,frame_total,240,133632227,556800,224105,559409,558566,228,8c4d9050,1
"desmume","ds-arm-fast",2,124,"a27c2160a27a34620db7163ddfe64206197bd2c6d6964dd03a8c5244de283427",739328,PPBENCH,bench-nds-hw-arm-fast,frame_over_1pct_count,1,0,0,0,0,0,0,8c4d9050,1
"desmume","ds-arm-fast",2,124,"a27c2160a27a34620db7163ddfe64206197bd2c6d6964dd03a8c5244de283427",739328,PPBENCH,bench-nds-hw-arm-fast,frame_over_2x_count,1,0,0,0,0,0,0,8c4d9050,1
"desmume","ds-arm-fast",2,124,"a27c2160a27a34620db7163ddfe64206197bd2c6d6964dd03a8c5244de283427",739328,PPBENCH,bench-nds-hw-arm-fast,visible_things_rendered,1,5166,5166,5166,5166,0,0,8c4d9050,1
"desmume","ds-arm-fast",2,124,"a27c2160a27a34620db7163ddfe64206197bd2c6d6964dd03a8c5244de283427",739328,PPBENCH,bench-nds-hw-arm-fast,line_quads_rendered,1,22549,22549,22549,22549,0,0,8c4d9050,1
"desmume","ds-arm-fast",2,124,"a27c2160a27a34620db7163ddfe64206197bd2c6d6964dd03a8c5244de283427",739328,PPBENCH,bench-nds-hw-arm-fast,things_final,1,27,27,27,27,0,0,8c4d9050,1
"desmume","ds-arm-fast",2,124,"a27c2160a27a34620db7163ddfe64206197bd2c6d6964dd03a8c5244de283427",739328,PPBENCH,bench-nds-hw-arm-fast,behavior_pass,1,1,1,1,1,0,0,8c4d9050,1
"desmume","ds-arm-fast",2,124,"a27c2160a27a34620db7163ddfe64206197bd2c6d6964dd03a8c5244de283427",739328,PPBENCH,bench-nds-hw-arm-fast,hit_test_heap_fixed_pass,1,1,1,1,1,0,0,d82df0ac,1
"desmume","ds-arm-fast",2,124,"a27c2160a27a34620db7163ddfe64206197bd2c6d6964dd03a8c5244de283427",739328,PPBENCH,bench-nds-hw-arm-fast,overall_pass,1,1,1,1,1,0,0,8c4d9050,1
"desmume","ds-thumb-fast",1,124,"8f26e18550d847af14718e3ab8e387adaed8923bfd18c582c55104ba8c274941",692224,PPBENCH,bench-nds-hw-thumb-fast,benchmark_started,1,1,1,1,1,0,0,00000000,1
"desmume","ds-thumb-fast",1,124,"8f26e18550d847af14718e3ab8e387adaed8923bfd18c582c55104ba8c274941",692224,PPBENCH,bench-nds-hw-thumb-fast,file_output_ready,1,0,0,0,0,0,0,00000000,1
"desmume","ds-thumb-fast",1,124,"8f26e18550d847af14718e3ab8e387adaed8923bfd18c582c55104ba8c274941",692224,PPBENCH,bench-nds-hw-thumb-fast,timer_read_overhead_ticks,1,14,14,14,14,0,0,00000000,1
"desmume","ds-thumb-fast",1,124,"8f26e18550d847af14718e3ab8e387adaed8923bfd18c582c55104ba8c274941",692224,PPBENCH,bench-nds-hw-thumb-fast,scene_things_created,1,27,27,27,27,0,0,d8635f64,1
"desmume","ds-thumb-fast",1,124,"8f26e18550d847af14718e3ab8e387adaed8923bfd18c582c55104ba8c274941",692224,PPBENCH,bench-nds-hw-thumb-fast,scene_position_sum_x,1,2995,2995,2995,2995,0,0,d8635f64,1
"desmume","ds-thumb-fast",1,124,"8f26e18550d847af14718e3ab8e387adaed8923bfd18c582c55104ba8c274941",692224,PPBENCH,bench-nds-hw-thumb-fast,scene_position_sum_y,1,1943,1943,1943,1943,0,0,d8635f64,1
"desmume","ds-thumb-fast",1,124,"8f26e18550d847af14718e3ab8e387adaed8923bfd18c582c55104ba8c274941",692224,PPBENCH,bench-nds-hw-thumb-fast,hit_test_heap_delta_bytes,1,0,0,0,0,0,0,d82df0ac,1
"desmume","ds-thumb-fast",1,124,"8f26e18550d847af14718e3ab8e387adaed8923bfd18c582c55104ba8c274941",692224,PPBENCH,bench-nds-hw-thumb-fast,touch_create_and_drag,225,2631609,11696,62,167104,0,0,d8635f64,1
"desmume","ds-thumb-fast",1,124,"8f26e18550d847af14718e3ab8e387adaed8923bfd18c582c55104ba8c274941",692224,PPBENCH,bench-nds-hw-thumb-fast,hit_test,600,1285571,2142,1739,4301,0,0,d82df0ac,1
"desmume","ds-thumb-fast",1,124,"8f26e18550d847af14718e3ab8e387adaed8923bfd18c582c55104ba8c274941",692224,PPBENCH,bench-nds-hw-thumb-fast,physics_step,240,91401946,380841,286312,547443,558566,0,8c4d9050,1
"desmume","ds-thumb-fast",1,124,"8f26e18550d847af14718e3ab8e387adaed8923bfd18c582c55104ba8c274941",692224,PPBENCH,bench-nds-hw-thumb-fast,render_frame,240,42086868,175361,54706,272514,558566,0,8c4d9050,1
"desmume","ds-thumb-fast",1,124,"8f26e18550d847af14718e3ab8e387adaed8923bfd18c582c55104ba8c274941",692224,PPBENCH,bench-nds-hw-thumb-fast,render_begin,240,225046,937,918,1001,558566,0,8c4d9050,1
"desmume","ds-thumb-fast",1,124,"8f26e18550d847af14718e3ab8e387adaed8923bfd18c582c55104ba8c274941",692224,PPBENCH,bench-nds-hw-thumb-fast,render_canvas,240,41750933,173962,53306,271134,558566,0,8c4d9050,1
"desmume","ds-thumb-fast",1,124,"8f26e18550d847af14718e3ab8e387adaed8923bfd18c582c55104ba8c274941",692224,PPBENCH,bench-nds-hw-thumb-fast,render_end,240,38160,159,159,159,558566,0,8c4d9050,1
"desmume","ds-thumb-fast",1,124,"8f26e18550d847af14718e3ab8e387adaed8923bfd18c582c55104ba8c274941",692224,PPBENCH,bench-nds-hw-thumb-fast,frame_total,240,133632355,556801,361491,603955,558566,214,8c4d9050,1
"desmume","ds-thumb-fast",1,124,"8f26e18550d847af14718e3ab8e387adaed8923bfd18c582c55104ba8c274941",692224,PPBENCH,bench-nds-hw-thumb-fast,frame_over_1pct_count,1,9,9,9,9,0,0,8c4d9050,0
"desmume","ds-thumb-fast",1,124,"8f26e18550d847af14718e3ab8e387adaed8923bfd18c582c55104ba8c274941",692224,PPBENCH,bench-nds-hw-thumb-fast,frame_over_2x_count,1,0,0,0,0,0,0,8c4d9050,1
"desmume","ds-thumb-fast",1,124,"8f26e18550d847af14718e3ab8e387adaed8923bfd18c582c55104ba8c274941",692224,PPBENCH,bench-nds-hw-thumb-fast,visible_things_rendered,1,5166,5166,5166,5166,0,0,8c4d9050,1
"desmume","ds-thumb-fast",1,124,"8f26e18550d847af14718e3ab8e387adaed8923bfd18c582c55104ba8c274941",692224,PPBENCH,bench-nds-hw-thumb-fast,line_quads_rendered,1,22549,22549,22549,22549,0,0,8c4d9050,1
"desmume","ds-thumb-fast",1,124,"8f26e18550d847af14718e3ab8e387adaed8923bfd18c582c55104ba8c274941",692224,PPBENCH,bench-nds-hw-thumb-fast,things_final,1,27,27,27,27,0,0,8c4d9050,1
"desmume","ds-thumb-fast",1,124,"8f26e18550d847af14718e3ab8e387adaed8923bfd18c582c55104ba8c274941",692224,PPBENCH,bench-nds-hw-thumb-fast,behavior_pass,1,1,1,1,1,0,0,8c4d9050,1
"desmume","ds-thumb-fast",1,124,"8f26e18550d847af14718e3ab8e387adaed8923bfd18c582c55104ba8c274941",692224,PPBENCH,bench-nds-hw-thumb-fast,hit_test_heap_fixed_pass,1,1,1,1,1,0,0,d82df0ac,1
"desmume","ds-thumb-fast",1,124,"8f26e18550d847af14718e3ab8e387adaed8923bfd18c582c55104ba8c274941",692224,PPBENCH,bench-nds-hw-thumb-fast,overall_pass,1,1,1,1,1,0,0,8c4d9050,1
"desmume","ds-thumb-fast",2,124,"8f26e18550d847af14718e3ab8e387adaed8923bfd18c582c55104ba8c274941",692224,PPBENCH,bench-nds-hw-thumb-fast,benchmark_started,1,1,1,1,1,0,0,00000000,1
"desmume","ds-thumb-fast",2,124,"8f26e18550d847af14718e3ab8e387adaed8923bfd18c582c55104ba8c274941",692224,PPBENCH,bench-nds-hw-thumb-fast,file_output_ready,1,0,0,0,0,0,0,00000000,1
"desmume","ds-thumb-fast",2,124,"8f26e18550d847af14718e3ab8e387adaed8923bfd18c582c55104ba8c274941",692224,PPBENCH,bench-nds-hw-thumb-fast,timer_read_overhead_ticks,1,14,14,14,14,0,0,00000000,1
"desmume","ds-thumb-fast",2,124,"8f26e18550d847af14718e3ab8e387adaed8923bfd18c582c55104ba8c274941",692224,PPBENCH,bench-nds-hw-thumb-fast,scene_things_created,1,27,27,27,27,0,0,d8635f64,1
"desmume","ds-thumb-fast",2,124,"8f26e18550d847af14718e3ab8e387adaed8923bfd18c582c55104ba8c274941",692224,PPBENCH,bench-nds-hw-thumb-fast,scene_position_sum_x,1,2995,2995,2995,2995,0,0,d8635f64,1
"desmume","ds-thumb-fast",2,124,"8f26e18550d847af14718e3ab8e387adaed8923bfd18c582c55104ba8c274941",692224,PPBENCH,bench-nds-hw-thumb-fast,scene_position_sum_y,1,1943,1943,1943,1943,0,0,d8635f64,1
"desmume","ds-thumb-fast",2,124,"8f26e18550d847af14718e3ab8e387adaed8923bfd18c582c55104ba8c274941",692224,PPBENCH,bench-nds-hw-thumb-fast,hit_test_heap_delta_bytes,1,0,0,0,0,0,0,d82df0ac,1
"desmume","ds-thumb-fast",2,124,"8f26e18550d847af14718e3ab8e387adaed8923bfd18c582c55104ba8c274941",692224,PPBENCH,bench-nds-hw-thumb-fast,touch_create_and_drag,225,2631609,11696,62,167104,0,0,d8635f64,1
"desmume","ds-thumb-fast",2,124,"8f26e18550d847af14718e3ab8e387adaed8923bfd18c582c55104ba8c274941",692224,PPBENCH,bench-nds-hw-thumb-fast,hit_test,600,1285571,2142,1739,4301,0,0,d82df0ac,1
"desmume","ds-thumb-fast",2,124,"8f26e18550d847af14718e3ab8e387adaed8923bfd18c582c55104ba8c274941",692224,PPBENCH,bench-nds-hw-thumb-fast,physics_step,240,91401946,380841,286312,547443,558566,0,8c4d9050,1
"desmume","ds-thumb-fast",2,124,"8f26e18550d847af14718e3ab8e387adaed8923bfd18c582c55104ba8c274941",692224,PPBENCH,bench-nds-hw-thumb-fast,render_frame,240,42086868,175361,54706,272514,558566,0,8c4d9050,1
"desmume","ds-thumb-fast",2,124,"8f26e18550d847af14718e3ab8e387adaed8923bfd18c582c55104ba8c274941",692224,PPBENCH,bench-nds-hw-thumb-fast,render_begin,240,225046,937,918,1001,558566,0,8c4d9050,1
"desmume","ds-thumb-fast",2,124,"8f26e18550d847af14718e3ab8e387adaed8923bfd18c582c55104ba8c274941",692224,PPBENCH,bench-nds-hw-thumb-fast,render_canvas,240,41750933,173962,53306,271134,558566,0,8c4d9050,1
"desmume","ds-thumb-fast",2,124,"8f26e18550d847af14718e3ab8e387adaed8923bfd18c582c55104ba8c274941",692224,PPBENCH,bench-nds-hw-thumb-fast,render_end,240,38160,159,159,159,558566,0,8c4d9050,1
"desmume","ds-thumb-fast",2,124,"8f26e18550d847af14718e3ab8e387adaed8923bfd18c582c55104ba8c274941",692224,PPBENCH,bench-nds-hw-thumb-fast,frame_total,240,133632355,556801,361491,603955,558566,214,8c4d9050,1
"desmume","ds-thumb-fast",2,124,"8f26e18550d847af14718e3ab8e387adaed8923bfd18c582c55104ba8c274941",692224,PPBENCH,bench-nds-hw-thumb-fast,frame_over_1pct_count,1,9,9,9,9,0,0,8c4d9050,0
"desmume","ds-thumb-fast",2,124,"8f26e18550d847af14718e3ab8e387adaed8923bfd18c582c55104ba8c274941",692224,PPBENCH,bench-nds-hw-thumb-fast,frame_over_2x_count,1,0,0,0,0,0,0,8c4d9050,1
"desmume","ds-thumb-fast",2,124,"8f26e18550d847af14718e3ab8e387adaed8923bfd18c582c55104ba8c274941",692224,PPBENCH,bench-nds-hw-thumb-fast,visible_things_rendered,1,5166,5166,5166,5166,0,0,8c4d9050,1
"desmume","ds-thumb-fast",2,124,"8f26e18550d847af14718e3ab8e387adaed8923bfd18c582c55104ba8c274941",692224,PPBENCH,bench-nds-hw-thumb-fast,line_quads_rendered,1,22549,22549,22549,22549,0,0,8c4d9050,1
"desmume","ds-thumb-fast",2,124,"8f26e18550d847af14718e3ab8e387adaed8923bfd18c582c55104ba8c274941",692224,PPBENCH,bench-nds-hw-thumb-fast,things_final,1,27,27,27,27,0,0,8c4d9050,1
"desmume","ds-thumb-fast",2,124,"8f26e18550d847af14718e3ab8e387adaed8923bfd18c582c55104ba8c274941",692224,PPBENCH,bench-nds-hw-thumb-fast,behavior_pass,1,1,1,1,1,0,0,8c4d9050,1
"desmume","ds-thumb-fast",2,124,"8f26e18550d847af14718e3ab8e387adaed8923bfd18c582c55104ba8c274941",692224,PPBENCH,bench-nds-hw-thumb-fast,hit_test_heap_fixed_pass,1,1,1,1,1,0,0,d82df0ac,1
"desmume","ds-thumb-fast",2,124,"8f26e18550d847af14718e3ab8e387adaed8923bfd18c582c55104ba8c274941",692224,PPBENCH,bench-nds-hw-thumb-fast,overall_pass,1,1,1,1,1,0,0,8c4d9050,1
"desmume","ds-thumb-fast-nolto",1,124,"cca40868a6eb0c09ec12d397cd7245e84652e678bbdc81889d2c86a9c39a9fa9",799744,PPBENCH,bench-nds-hw-thumb-fast-nolto,benchmark_started,1,1,1,1,1,0,0,00000000,1
"desmume","ds-thumb-fast-nolto",1,124,"cca40868a6eb0c09ec12d397cd7245e84652e678bbdc81889d2c86a9c39a9fa9",799744,PPBENCH,bench-nds-hw-thumb-fast-nolto,file_output_ready,1,0,0,0,0,0,0,00000000,1
"desmume","ds-thumb-fast-nolto",1,124,"cca40868a6eb0c09ec12d397cd7245e84652e678bbdc81889d2c86a9c39a9fa9",799744,PPBENCH,bench-nds-hw-thumb-fast-nolto,timer_read_overhead_ticks,1,14,14,14,14,0,0,00000000,1
"desmume","ds-thumb-fast-nolto",1,124,"cca40868a6eb0c09ec12d397cd7245e84652e678bbdc81889d2c86a9c39a9fa9",799744,PPBENCH,bench-nds-hw-thumb-fast-nolto,scene_things_created,1,27,27,27,27,0,0,d8635f64,1
"desmume","ds-thumb-fast-nolto",1,124,"cca40868a6eb0c09ec12d397cd7245e84652e678bbdc81889d2c86a9c39a9fa9",799744,PPBENCH,bench-nds-hw-thumb-fast-nolto,scene_position_sum_x,1,2995,2995,2995,2995,0,0,d8635f64,1
"desmume","ds-thumb-fast-nolto",1,124,"cca40868a6eb0c09ec12d397cd7245e84652e678bbdc81889d2c86a9c39a9fa9",799744,PPBENCH,bench-nds-hw-thumb-fast-nolto,scene_position_sum_y,1,1943,1943,1943,1943,0,0,d8635f64,1
"desmume","ds-thumb-fast-nolto",1,124,"cca40868a6eb0c09ec12d397cd7245e84652e678bbdc81889d2c86a9c39a9fa9",799744,PPBENCH,bench-nds-hw-thumb-fast-nolto,hit_test_heap_delta_bytes,1,0,0,0,0,0,0,d82df0ac,1
"desmume","ds-thumb-fast-nolto",1,124,"cca40868a6eb0c09ec12d397cd7245e84652e678bbdc81889d2c86a9c39a9fa9",799744,PPBENCH,bench-nds-hw-thumb-fast-nolto,touch_create_and_drag,225,2623424,11659,122,170839,0,0,d8635f64,1
"desmume","ds-thumb-fast-nolto",1,124,"cca40868a6eb0c09ec12d397cd7245e84652e678bbdc81889d2c86a9c39a9fa9",799744,PPBENCH,bench-nds-hw-thumb-fast-nolto,hit_test,600,1465525,2442,1962,4604,0,0,d82df0ac,1
"desmume","ds-thumb-fast-nolto",1,124,"cca40868a6eb0c09ec12d397cd7245e84652e678bbdc81889d2c86a9c39a9fa9",799744,PPBENCH,bench-nds-hw-thumb-fast-nolto,physics_step,240,92378657,384911,294409,553870,558566,0,8c4d9050,1
"desmume","ds-thumb-fast-nolto",1,124,"cca40868a6eb0c09ec12d397cd7245e84652e678bbdc81889d2c86a9c39a9fa9",799744,PPBENCH,bench-nds-hw-thumb-fast-nolto,render_frame,240,41309724,172123,58119,263807,558566,0,8c4d9050,1
"desmume","ds-thumb-fast-nolto",1,124,"cca40868a6eb0c09ec12d397cd7245e84652e678bbdc81889d2c86a9c39a9fa9",799744,PPBENCH,bench-nds-hw-thumb-fast-nolto,render_begin,240,254704,1061,1029,3629,558566,0,8c4d9050,1
"desmume","ds-thumb-fast-nolto",1,124,"cca40868a6eb0c09ec12d397cd7245e84652e678bbdc81889d2c86a9c39a9fa9",799744,PPBENCH,bench-nds-hw-thumb-fast-nolto,render_canvas,240,40944495,170602,56630,262317,558566,0,8c4d9050,1
"desmume","ds-thumb-fast-nolto",1,124,"cca40868a6eb0c09ec12d397cd7245e84652e678bbdc81889d2c86a9c39a9fa9",799744,PPBENCH,bench-nds-hw-thumb-fast-nolto,render_end,240,31078,129,129,130,558566,0,8c4d9050,1
"desmume","ds-thumb-fast-nolto",1,124,"cca40868a6eb0c09ec12d397cd7245e84652e678bbdc81889d2c86a9c39a9fa9",799744,PPBENCH,bench-nds-hw-thumb-fast-nolto,frame_total,240,133820023,557583,375632,612886,558566,66,8c4d9050,1
"desmume","ds-thumb-fast-nolto",1,124,"cca40868a6eb0c09ec12d397cd7245e84652e678bbdc81889d2c86a9c39a9fa9",799744,PPBENCH,bench-nds-hw-thumb-fast-nolto,frame_over_1pct_count,1,13,13,13,13,0,0,8c4d9050,0
"desmume","ds-thumb-fast-nolto",1,124,"cca40868a6eb0c09ec12d397cd7245e84652e678bbdc81889d2c86a9c39a9fa9",799744,PPBENCH,bench-nds-hw-thumb-fast-nolto,frame_over_2x_count,1,0,0,0,0,0,0,8c4d9050,1
"desmume","ds-thumb-fast-nolto",1,124,"cca40868a6eb0c09ec12d397cd7245e84652e678bbdc81889d2c86a9c39a9fa9",799744,PPBENCH,bench-nds-hw-thumb-fast-nolto,visible_things_rendered,1,5166,5166,5166,5166,0,0,8c4d9050,1
"desmume","ds-thumb-fast-nolto",1,124,"cca40868a6eb0c09ec12d397cd7245e84652e678bbdc81889d2c86a9c39a9fa9",799744,PPBENCH,bench-nds-hw-thumb-fast-nolto,line_quads_rendered,1,22549,22549,22549,22549,0,0,8c4d9050,1
"desmume","ds-thumb-fast-nolto",1,124,"cca40868a6eb0c09ec12d397cd7245e84652e678bbdc81889d2c86a9c39a9fa9",799744,PPBENCH,bench-nds-hw-thumb-fast-nolto,things_final,1,27,27,27,27,0,0,8c4d9050,1
"desmume","ds-thumb-fast-nolto",1,124,"cca40868a6eb0c09ec12d397cd7245e84652e678bbdc81889d2c86a9c39a9fa9",799744,PPBENCH,bench-nds-hw-thumb-fast-nolto,behavior_pass,1,1,1,1,1,0,0,8c4d9050,1
"desmume","ds-thumb-fast-nolto",1,124,"cca40868a6eb0c09ec12d397cd7245e84652e678bbdc81889d2c86a9c39a9fa9",799744,PPBENCH,bench-nds-hw-thumb-fast-nolto,hit_test_heap_fixed_pass,1,1,1,1,1,0,0,d82df0ac,1
"desmume","ds-thumb-fast-nolto",1,124,"cca40868a6eb0c09ec12d397cd7245e84652e678bbdc81889d2c86a9c39a9fa9",799744,PPBENCH,bench-nds-hw-thumb-fast-nolto,overall_pass,1,1,1,1,1,0,0,8c4d9050,1
"desmume","ds-thumb-fast-nolto",2,124,"cca40868a6eb0c09ec12d397cd7245e84652e678bbdc81889d2c86a9c39a9fa9",799744,PPBENCH,bench-nds-hw-thumb-fast-nolto,benchmark_started,1,1,1,1,1,0,0,00000000,1
"desmume","ds-thumb-fast-nolto",2,124,"cca40868a6eb0c09ec12d397cd7245e84652e678bbdc81889d2c86a9c39a9fa9",799744,PPBENCH,bench-nds-hw-thumb-fast-nolto,file_output_ready,1,0,0,0,0,0,0,00000000,1
"desmume","ds-thumb-fast-nolto",2,124,"cca40868a6eb0c09ec12d397cd7245e84652e678bbdc81889d2c86a9c39a9fa9",799744,PPBENCH,bench-nds-hw-thumb-fast-nolto,timer_read_overhead_ticks,1,14,14,14,14,0,0,00000000,1
"desmume","ds-thumb-fast-nolto",2,124,"cca40868a6eb0c09ec12d397cd7245e84652e678bbdc81889d2c86a9c39a9fa9",799744,PPBENCH,bench-nds-hw-thumb-fast-nolto,scene_things_created,1,27,27,27,27,0,0,d8635f64,1
"desmume","ds-thumb-fast-nolto",2,124,"cca40868a6eb0c09ec12d397cd7245e84652e678bbdc81889d2c86a9c39a9fa9",799744,PPBENCH,bench-nds-hw-thumb-fast-nolto,scene_position_sum_x,1,2995,2995,2995,2995,0,0,d8635f64,1
"desmume","ds-thumb-fast-nolto",2,124,"cca40868a6eb0c09ec12d397cd7245e84652e678bbdc81889d2c86a9c39a9fa9",799744,PPBENCH,bench-nds-hw-thumb-fast-nolto,scene_position_sum_y,1,1943,1943,1943,1943,0,0,d8635f64,1
"desmume","ds-thumb-fast-nolto",2,124,"cca40868a6eb0c09ec12d397cd7245e84652e678bbdc81889d2c86a9c39a9fa9",799744,PPBENCH,bench-nds-hw-thumb-fast-nolto,hit_test_heap_delta_bytes,1,0,0,0,0,0,0,d82df0ac,1
"desmume","ds-thumb-fast-nolto",2,124,"cca40868a6eb0c09ec12d397cd7245e84652e678bbdc81889d2c86a9c39a9fa9",799744,PPBENCH,bench-nds-hw-thumb-fast-nolto,touch_create_and_drag,225,2623424,11659,122,170839,0,0,d8635f64,1
"desmume","ds-thumb-fast-nolto",2,124,"cca40868a6eb0c09ec12d397cd7245e84652e678bbdc81889d2c86a9c39a9fa9",799744,PPBENCH,bench-nds-hw-thumb-fast-nolto,hit_test,600,1465525,2442,1962,4604,0,0,d82df0ac,1
"desmume","ds-thumb-fast-nolto",2,124,"cca40868a6eb0c09ec12d397cd7245e84652e678bbdc81889d2c86a9c39a9fa9",799744,PPBENCH,bench-nds-hw-thumb-fast-nolto,physics_step,240,92378657,384911,294409,553870,558566,0,8c4d9050,1
"desmume","ds-thumb-fast-nolto",2,124,"cca40868a6eb0c09ec12d397cd7245e84652e678bbdc81889d2c86a9c39a9fa9",799744,PPBENCH,bench-nds-hw-thumb-fast-nolto,render_frame,240,41309724,172123,58119,263807,558566,0,8c4d9050,1
"desmume","ds-thumb-fast-nolto",2,124,"cca40868a6eb0c09ec12d397cd7245e84652e678bbdc81889d2c86a9c39a9fa9",799744,PPBENCH,bench-nds-hw-thumb-fast-nolto,render_begin,240,254704,1061,1029,3629,558566,0,8c4d9050,1
"desmume","ds-thumb-fast-nolto",2,124,"cca40868a6eb0c09ec12d397cd7245e84652e678bbdc81889d2c86a9c39a9fa9",799744,PPBENCH,bench-nds-hw-thumb-fast-nolto,render_canvas,240,40944495,170602,56630,262317,558566,0,8c4d9050,1
"desmume","ds-thumb-fast-nolto",2,124,"cca40868a6eb0c09ec12d397cd7245e84652e678bbdc81889d2c86a9c39a9fa9",799744,PPBENCH,bench-nds-hw-thumb-fast-nolto,render_end,240,31078,129,129,130,558566,0,8c4d9050,1
"desmume","ds-thumb-fast-nolto",2,124,"cca40868a6eb0c09ec12d397cd7245e84652e678bbdc81889d2c86a9c39a9fa9",799744,PPBENCH,bench-nds-hw-thumb-fast-nolto,frame_total,240,133820023,557583,375632,612886,558566,66,8c4d9050,1
"desmume","ds-thumb-fast-nolto",2,124,"cca40868a6eb0c09ec12d397cd7245e84652e678bbdc81889d2c86a9c39a9fa9",799744,PPBENCH,bench-nds-hw-thumb-fast-nolto,frame_over_1pct_count,1,13,13,13,13,0,0,8c4d9050,0
"desmume","ds-thumb-fast-nolto",2,124,"cca40868a6eb0c09ec12d397cd7245e84652e678bbdc81889d2c86a9c39a9fa9",799744,PPBENCH,bench-nds-hw-thumb-fast-nolto,frame_over_2x_count,1,0,0,0,0,0,0,8c4d9050,1
"desmume","ds-thumb-fast-nolto",2,124,"cca40868a6eb0c09ec12d397cd7245e84652e678bbdc81889d2c86a9c39a9fa9",799744,PPBENCH,bench-nds-hw-thumb-fast-nolto,visible_things_rendered,1,5166,5166,5166,5166,0,0,8c4d9050,1
"desmume","ds-thumb-fast-nolto",2,124,"cca40868a6eb0c09ec12d397cd7245e84652e678bbdc81889d2c86a9c39a9fa9",799744,PPBENCH,bench-nds-hw-thumb-fast-nolto,line_quads_rendered,1,22549,22549,22549,22549,0,0,8c4d9050,1
"desmume","ds-thumb-fast-nolto",2,124,"cca40868a6eb0c09ec12d397cd7245e84652e678bbdc81889d2c86a9c39a9fa9",799744,PPBENCH,bench-nds-hw-thumb-fast-nolto,things_final,1,27,27,27,27,0,0,8c4d9050,1
"desmume","ds-thumb-fast-nolto",2,124,"cca40868a6eb0c09ec12d397cd7245e84652e678bbdc81889d2c86a9c39a9fa9",799744,PPBENCH,bench-nds-hw-thumb-fast-nolto,behavior_pass,1,1,1,1,1,0,0,8c4d9050,1
"desmume","ds-thumb-fast-nolto",2,124,"cca40868a6eb0c09ec12d397cd7245e84652e678bbdc81889d2c86a9c39a9fa9",799744,PPBENCH,bench-nds-hw-thumb-fast-nolto,hit_test_heap_fixed_pass,1,1,1,1,1,0,0,d82df0ac,1
"desmume","ds-thumb-fast-nolto",2,124,"cca40868a6eb0c09ec12d397cd7245e84652e678bbdc81889d2c86a9c39a9fa9",799744,PPBENCH,bench-nds-hw-thumb-fast-nolto,overall_pass,1,1,1,1,1,0,0,8c4d9050,1
"desmume","canvas-arm-o2",1,124,"e93b75e7f24279ca34ab5c22fd53308d664cf576739fc67fa867df1dac2139e3",738304,PPBENCH,bench-nds-hw-arm-canvas-o2,benchmark_started,1,1,1,1,1,0,0,00000000,1
"desmume","canvas-arm-o2",1,124,"e93b75e7f24279ca34ab5c22fd53308d664cf576739fc67fa867df1dac2139e3",738304,PPBENCH,bench-nds-hw-arm-canvas-o2,file_output_ready,1,0,0,0,0,0,0,00000000,1
"desmume","canvas-arm-o2",1,124,"e93b75e7f24279ca34ab5c22fd53308d664cf576739fc67fa867df1dac2139e3",738304,PPBENCH,bench-nds-hw-arm-canvas-o2,timer_read_overhead_ticks,1,13,13,13,13,0,0,00000000,1
"desmume","canvas-arm-o2",1,124,"e93b75e7f24279ca34ab5c22fd53308d664cf576739fc67fa867df1dac2139e3",738304,PPBENCH,bench-nds-hw-arm-canvas-o2,scene_things_created,1,27,27,27,27,0,0,d8635f64,1
"desmume","canvas-arm-o2",1,124,"e93b75e7f24279ca34ab5c22fd53308d664cf576739fc67fa867df1dac2139e3",738304,PPBENCH,bench-nds-hw-arm-canvas-o2,scene_position_sum_x,1,2995,2995,2995,2995,0,0,d8635f64,1
"desmume","canvas-arm-o2",1,124,"e93b75e7f24279ca34ab5c22fd53308d664cf576739fc67fa867df1dac2139e3",738304,PPBENCH,bench-nds-hw-arm-canvas-o2,scene_position_sum_y,1,1943,1943,1943,1943,0,0,d8635f64,1
"desmume","canvas-arm-o2",1,124,"e93b75e7f24279ca34ab5c22fd53308d664cf576739fc67fa867df1dac2139e3",738304,PPBENCH,bench-nds-hw-arm-canvas-o2,hit_test_heap_delta_bytes,1,0,0,0,0,0,0,d82df0ac,1
"desmume","canvas-arm-o2",1,124,"e93b75e7f24279ca34ab5c22fd53308d664cf576739fc67fa867df1dac2139e3",738304,PPBENCH,bench-nds-hw-arm-canvas-o2,touch_create_and_drag,225,2469209,10974,75,151247,0,0,d8635f64,1
"desmume","canvas-arm-o2",1,124,"e93b75e7f24279ca34ab5c22fd53308d664cf576739fc67fa867df1dac2139e3",738304,PPBENCH,bench-nds-hw-arm-canvas-o2,hit_test,600,1037313,1728,1198,4163,0,0,d82df0ac,1
"desmume","canvas-arm-o2",1,124,"e93b75e7f24279ca34ab5c22fd53308d664cf576739fc67fa867df1dac2139e3",738304,PPBENCH,bench-nds-hw-arm-canvas-o2,physics_step,240,53125673,221356,172368,331056,558566,0,8c4d9050,1
"desmume","canvas-arm-o2",1,124,"e93b75e7f24279ca34ab5c22fd53308d664cf576739fc67fa867df1dac2139e3",738304,PPBENCH,bench-nds-hw-arm-canvas-o2,render_frame,240,80344490,334768,46225,386279,558566,0,8c4d9050,1
"desmume","canvas-arm-o2",1,124,"e93b75e7f24279ca34ab5c22fd53308d664cf576739fc67fa867df1dac2139e3",738304,PPBENCH,bench-nds-hw-arm-canvas-o2,render_begin,240,238320,993,993,993,558566,0,8c4d9050,1
"desmume","canvas-arm-o2",1,124,"e93b75e7f24279ca34ab5c22fd53308d664cf576739fc67fa867df1dac2139e3",738304,PPBENCH,bench-nds-hw-arm-canvas-o2,render_canvas,240,79999469,333331,44788,384841,558566,0,8c4d9050,1
"desmume","canvas-arm-o2",1,124,"e93b75e7f24279ca34ab5c22fd53308d664cf576739fc67fa867df1dac2139e3",738304,PPBENCH,bench-nds-hw-arm-canvas-o2,render_end,240,31051,129,107,130,558566,0,8c4d9050,1
"desmume","canvas-arm-o2",1,124,"e93b75e7f24279ca34ab5c22fd53308d664cf576739fc67fa867df1dac2139e3",738304,PPBENCH,bench-nds-hw-arm-canvas-o2,frame_total,240,133621445,556756,232232,559396,558566,228,8c4d9050,1
"desmume","canvas-arm-o2",1,124,"e93b75e7f24279ca34ab5c22fd53308d664cf576739fc67fa867df1dac2139e3",738304,PPBENCH,bench-nds-hw-arm-canvas-o2,frame_over_1pct_count,1,0,0,0,0,0,0,8c4d9050,1
"desmume","canvas-arm-o2",1,124,"e93b75e7f24279ca34ab5c22fd53308d664cf576739fc67fa867df1dac2139e3",738304,PPBENCH,bench-nds-hw-arm-canvas-o2,frame_over_2x_count,1,0,0,0,0,0,0,8c4d9050,1
"desmume","canvas-arm-o2",1,124,"e93b75e7f24279ca34ab5c22fd53308d664cf576739fc67fa867df1dac2139e3",738304,PPBENCH,bench-nds-hw-arm-canvas-o2,visible_things_rendered,1,5166,5166,5166,5166,0,0,8c4d9050,1
"desmume","canvas-arm-o2",1,124,"e93b75e7f24279ca34ab5c22fd53308d664cf576739fc67fa867df1dac2139e3",738304,PPBENCH,bench-nds-hw-arm-canvas-o2,line_quads_rendered,1,22549,22549,22549,22549,0,0,8c4d9050,1
"desmume","canvas-arm-o2",1,124,"e93b75e7f24279ca34ab5c22fd53308d664cf576739fc67fa867df1dac2139e3",738304,PPBENCH,bench-nds-hw-arm-canvas-o2,things_final,1,27,27,27,27,0,0,8c4d9050,1
"desmume","canvas-arm-o2",1,124,"e93b75e7f24279ca34ab5c22fd53308d664cf576739fc67fa867df1dac2139e3",738304,PPBENCH,bench-nds-hw-arm-canvas-o2,behavior_pass,1,1,1,1,1,0,0,8c4d9050,1
"desmume","canvas-arm-o2",1,124,"e93b75e7f24279ca34ab5c22fd53308d664cf576739fc67fa867df1dac2139e3",738304,PPBENCH,bench-nds-hw-arm-canvas-o2,hit_test_heap_fixed_pass,1,1,1,1,1,0,0,d82df0ac,1
"desmume","canvas-arm-o2",1,124,"e93b75e7f24279ca34ab5c22fd53308d664cf576739fc67fa867df1dac2139e3",738304,PPBENCH,bench-nds-hw-arm-canvas-o2,overall_pass,1,1,1,1,1,0,0,8c4d9050,1
"desmume","canvas-arm-o2",2,124,"e93b75e7f24279ca34ab5c22fd53308d664cf576739fc67fa867df1dac2139e3",738304,PPBENCH,bench-nds-hw-arm-canvas-o2,benchmark_started,1,1,1,1,1,0,0,00000000,1
"desmume","canvas-arm-o2",2,124,"e93b75e7f24279ca34ab5c22fd53308d664cf576739fc67fa867df1dac2139e3",738304,PPBENCH,bench-nds-hw-arm-canvas-o2,file_output_ready,1,0,0,0,0,0,0,00000000,1
"desmume","canvas-arm-o2",2,124,"e93b75e7f24279ca34ab5c22fd53308d664cf576739fc67fa867df1dac2139e3",738304,PPBENCH,bench-nds-hw-arm-canvas-o2,timer_read_overhead_ticks,1,13,13,13,13,0,0,00000000,1
"desmume","canvas-arm-o2",2,124,"e93b75e7f24279ca34ab5c22fd53308d664cf576739fc67fa867df1dac2139e3",738304,PPBENCH,bench-nds-hw-arm-canvas-o2,scene_things_created,1,27,27,27,27,0,0,d8635f64,1
"desmume","canvas-arm-o2",2,124,"e93b75e7f24279ca34ab5c22fd53308d664cf576739fc67fa867df1dac2139e3",738304,PPBENCH,bench-nds-hw-arm-canvas-o2,scene_position_sum_x,1,2995,2995,2995,2995,0,0,d8635f64,1
"desmume","canvas-arm-o2",2,124,"e93b75e7f24279ca34ab5c22fd53308d664cf576739fc67fa867df1dac2139e3",738304,PPBENCH,bench-nds-hw-arm-canvas-o2,scene_position_sum_y,1,1943,1943,1943,1943,0,0,d8635f64,1
"desmume","canvas-arm-o2",2,124,"e93b75e7f24279ca34ab5c22fd53308d664cf576739fc67fa867df1dac2139e3",738304,PPBENCH,bench-nds-hw-arm-canvas-o2,hit_test_heap_delta_bytes,1,0,0,0,0,0,0,d82df0ac,1
"desmume","canvas-arm-o2",2,124,"e93b75e7f24279ca34ab5c22fd53308d664cf576739fc67fa867df1dac2139e3",738304,PPBENCH,bench-nds-hw-arm-canvas-o2,touch_create_and_drag,225,2469209,10974,75,151247,0,0,d8635f64,1
"desmume","canvas-arm-o2",2,124,"e93b75e7f24279ca34ab5c22fd53308d664cf576739fc67fa867df1dac2139e3",738304,PPBENCH,bench-nds-hw-arm-canvas-o2,hit_test,600,1037313,1728,1198,4163,0,0,d82df0ac,1
"desmume","canvas-arm-o2",2,124,"e93b75e7f24279ca34ab5c22fd53308d664cf576739fc67fa867df1dac2139e3",738304,PPBENCH,bench-nds-hw-arm-canvas-o2,physics_step,240,53125673,221356,172368,331056,558566,0,8c4d9050,1
"desmume","canvas-arm-o2",2,124,"e93b75e7f24279ca34ab5c22fd53308d664cf576739fc67fa867df1dac2139e3",738304,PPBENCH,bench-nds-hw-arm-canvas-o2,render_frame,240,80344490,334768,46225,386279,558566,0,8c4d9050,1
"desmume","canvas-arm-o2",2,124,"e93b75e7f24279ca34ab5c22fd53308d664cf576739fc67fa867df1dac2139e3",738304,PPBENCH,bench-nds-hw-arm-canvas-o2,render_begin,240,238320,993,993,993,558566,0,8c4d9050,1
"desmume","canvas-arm-o2",2,124,"e93b75e7f24279ca34ab5c22fd53308d664cf576739fc67fa867df1dac2139e3",738304,PPBENCH,bench-nds-hw-arm-canvas-o2,render_canvas,240,79999469,333331,44788,384841,558566,0,8c4d9050,1
"desmume","canvas-arm-o2",2,124,"e93b75e7f24279ca34ab5c22fd53308d664cf576739fc67fa867df1dac2139e3",738304,PPBENCH,bench-nds-hw-arm-canvas-o2,render_end,240,31051,129,107,130,558566,0,8c4d9050,1
"desmume","canvas-arm-o2",2,124,"e93b75e7f24279ca34ab5c22fd53308d664cf576739fc67fa867df1dac2139e3",738304,PPBENCH,bench-nds-hw-arm-canvas-o2,frame_total,240,133621445,556756,232232,559396,558566,228,8c4d9050,1
"desmume","canvas-arm-o2",2,124,"e93b75e7f24279ca34ab5c22fd53308d664cf576739fc67fa867df1dac2139e3",738304,PPBENCH,bench-nds-hw-arm-canvas-o2,frame_over_1pct_count,1,0,0,0,0,0,0,8c4d9050,1
"desmume","canvas-arm-o2",2,124,"e93b75e7f24279ca34ab5c22fd53308d664cf576739fc67fa867df1dac2139e3",738304,PPBENCH,bench-nds-hw-arm-canvas-o2,frame_over_2x_count,1,0,0,0,0,0,0,8c4d9050,1
"desmume","canvas-arm-o2",2,124,"e93b75e7f24279ca34ab5c22fd53308d664cf576739fc67fa867df1dac2139e3",738304,PPBENCH,bench-nds-hw-arm-canvas-o2,visible_things_rendered,1,5166,5166,5166,5166,0,0,8c4d9050,1
"desmume","canvas-arm-o2",2,124,"e93b75e7f24279ca34ab5c22fd53308d664cf576739fc67fa867df1dac2139e3",738304,PPBENCH,bench-nds-hw-arm-canvas-o2,line_quads_rendered,1,22549,22549,22549,22549,0,0,8c4d9050,1
"desmume","canvas-arm-o2",2,124,"e93b75e7f24279ca34ab5c22fd53308d664cf576739fc67fa867df1dac2139e3",738304,PPBENCH,bench-nds-hw-arm-canvas-o2,things_final,1,27,27,27,27,0,0,8c4d9050,1
"desmume","canvas-arm-o2",2,124,"e93b75e7f24279ca34ab5c22fd53308d664cf576739fc67fa867df1dac2139e3",738304,PPBENCH,bench-nds-hw-arm-canvas-o2,behavior_pass,1,1,1,1,1,0,0,8c4d9050,1
"desmume","canvas-arm-o2",2,124,"e93b75e7f24279ca34ab5c22fd53308d664cf576739fc67fa867df1dac2139e3",738304,PPBENCH,bench-nds-hw-arm-canvas-o2,hit_test_heap_fixed_pass,1,1,1,1,1,0,0,d82df0ac,1
"desmume","canvas-arm-o2",2,124,"e93b75e7f24279ca34ab5c22fd53308d664cf576739fc67fa867df1dac2139e3",738304,PPBENCH,bench-nds-hw-arm-canvas-o2,overall_pass,1,1,1,1,1,0,0,8c4d9050,1
"desmume","canvas-thumb-o2",1,124,"c8c0fb012f1fa9c83c6407e7edee46689933d4d3af71f0d264b6e3f0b1a63826",737280,PPBENCH,bench-nds-hw-arm-canvas-thumb-o2,benchmark_started,1,1,1,1,1,0,0,00000000,1
"desmume","canvas-thumb-o2",1,124,"c8c0fb012f1fa9c83c6407e7edee46689933d4d3af71f0d264b6e3f0b1a63826",737280,PPBENCH,bench-nds-hw-arm-canvas-thumb-o2,file_output_ready,1,0,0,0,0,0,0,00000000,1
"desmume","canvas-thumb-o2",1,124,"c8c0fb012f1fa9c83c6407e7edee46689933d4d3af71f0d264b6e3f0b1a63826",737280,PPBENCH,bench-nds-hw-arm-canvas-thumb-o2,timer_read_overhead_ticks,1,14,14,14,14,0,0,00000000,1
"desmume","canvas-thumb-o2",1,124,"c8c0fb012f1fa9c83c6407e7edee46689933d4d3af71f0d264b6e3f0b1a63826",737280,PPBENCH,bench-nds-hw-arm-canvas-thumb-o2,scene_things_created,1,27,27,27,27,0,0,d8635f64,1
"desmume","canvas-thumb-o2",1,124,"c8c0fb012f1fa9c83c6407e7edee46689933d4d3af71f0d264b6e3f0b1a63826",737280,PPBENCH,bench-nds-hw-arm-canvas-thumb-o2,scene_position_sum_x,1,2995,2995,2995,2995,0,0,d8635f64,1
"desmume","canvas-thumb-o2",1,124,"c8c0fb012f1fa9c83c6407e7edee46689933d4d3af71f0d264b6e3f0b1a63826",737280,PPBENCH,bench-nds-hw-arm-canvas-thumb-o2,scene_position_sum_y,1,1943,1943,1943,1943,0,0,d8635f64,1
"desmume","canvas-thumb-o2",1,124,"c8c0fb012f1fa9c83c6407e7edee46689933d4d3af71f0d264b6e3f0b1a63826",737280,PPBENCH,bench-nds-hw-arm-canvas-thumb-o2,hit_test_heap_delta_bytes,1,0,0,0,0,0,0,d82df0ac,1
"desmume","canvas-thumb-o2",1,124,"c8c0fb012f1fa9c83c6407e7edee46689933d4d3af71f0d264b6e3f0b1a63826",737280,PPBENCH,bench-nds-hw-arm-canvas-thumb-o2,touch_create_and_drag,225,2458483,10926,75,149218,0,0,d8635f64,1
"desmume","canvas-thumb-o2",1,124,"c8c0fb012f1fa9c83c6407e7edee46689933d4d3af71f0d264b6e3f0b1a63826",737280,PPBENCH,bench-nds-hw-arm-canvas-thumb-o2,hit_test,600,1014505,1690,1232,4140,0,0,d82df0ac,1
"desmume","canvas-thumb-o2",1,124,"c8c0fb012f1fa9c83c6407e7edee46689933d4d3af71f0d264b6e3f0b1a63826",737280,PPBENCH,bench-nds-hw-arm-canvas-thumb-o2,physics_step,240,53314720,222144,173663,325193,558566,0,8c4d9050,1
"desmume","canvas-thumb-o2",1,124,"c8c0fb012f1fa9c83c6407e7edee46689933d4d3af71f0d264b6e3f0b1a63826",737280,PPBENCH,bench-nds-hw-arm-canvas-thumb-o2,render_frame,240,80124411,333851,60987,385060,558566,0,8c4d9050,1
"desmume","canvas-thumb-o2",1,124,"c8c0fb012f1fa9c83c6407e7edee46689933d4d3af71f0d264b6e3f0b1a63826",737280,PPBENCH,bench-nds-hw-arm-canvas-thumb-o2,render_begin,240,230524,960,960,961,558566,0,8c4d9050,1
"desmume","canvas-thumb-o2",1,124,"c8c0fb012f1fa9c83c6407e7edee46689933d4d3af71f0d264b6e3f0b1a63826",737280,PPBENCH,bench-nds-hw-arm-canvas-thumb-o2,render_canvas,240,79781313,332422,59558,383630,558566,0,8c4d9050,1
"desmume","canvas-thumb-o2",1,124,"c8c0fb012f1fa9c83c6407e7edee46689933d4d3af71f0d264b6e3f0b1a63826",737280,PPBENCH,bench-nds-hw-arm-canvas-thumb-o2,render_end,240,36938,153,132,154,558566,0,8c4d9050,1
"desmume","canvas-thumb-o2",1,124,"c8c0fb012f1fa9c83c6407e7edee46689933d4d3af71f0d264b6e3f0b1a63826",737280,PPBENCH,bench-nds-hw-arm-canvas-thumb-o2,frame_total,240,133591037,556629,248616,559342,558566,228,8c4d9050,1
"desmume","canvas-thumb-o2",1,124,"c8c0fb012f1fa9c83c6407e7edee46689933d4d3af71f0d264b6e3f0b1a63826",737280,PPBENCH,bench-nds-hw-arm-canvas-thumb-o2,frame_over_1pct_count,1,0,0,0,0,0,0,8c4d9050,1
"desmume","canvas-thumb-o2",1,124,"c8c0fb012f1fa9c83c6407e7edee46689933d4d3af71f0d264b6e3f0b1a63826",737280,PPBENCH,bench-nds-hw-arm-canvas-thumb-o2,frame_over_2x_count,1,0,0,0,0,0,0,8c4d9050,1
"desmume","canvas-thumb-o2",1,124,"c8c0fb012f1fa9c83c6407e7edee46689933d4d3af71f0d264b6e3f0b1a63826",737280,PPBENCH,bench-nds-hw-arm-canvas-thumb-o2,visible_things_rendered,1,5166,5166,5166,5166,0,0,8c4d9050,1
"desmume","canvas-thumb-o2",1,124,"c8c0fb012f1fa9c83c6407e7edee46689933d4d3af71f0d264b6e3f0b1a63826",737280,PPBENCH,bench-nds-hw-arm-canvas-thumb-o2,line_quads_rendered,1,22549,22549,22549,22549,0,0,8c4d9050,1
"desmume","canvas-thumb-o2",1,124,"c8c0fb012f1fa9c83c6407e7edee46689933d4d3af71f0d264b6e3f0b1a63826",737280,PPBENCH,bench-nds-hw-arm-canvas-thumb-o2,things_final,1,27,27,27,27,0,0,8c4d9050,1
"desmume","canvas-thumb-o2",1,124,"c8c0fb012f1fa9c83c6407e7edee46689933d4d3af71f0d264b6e3f0b1a63826",737280,PPBENCH,bench-nds-hw-arm-canvas-thumb-o2,behavior_pass,1,1,1,1,1,0,0,8c4d9050,1
"desmume","canvas-thumb-o2",1,124,"c8c0fb012f1fa9c83c6407e7edee46689933d4d3af71f0d264b6e3f0b1a63826",737280,PPBENCH,bench-nds-hw-arm-canvas-thumb-o2,hit_test_heap_fixed_pass,1,1,1,1,1,0,0,d82df0ac,1
"desmume","canvas-thumb-o2",1,124,"c8c0fb012f1fa9c83c6407e7edee46689933d4d3af71f0d264b6e3f0b1a63826",737280,PPBENCH,bench-nds-hw-arm-canvas-thumb-o2,overall_pass,1,1,1,1,1,0,0,8c4d9050,1
"desmume","canvas-thumb-o2",2,124,"c8c0fb012f1fa9c83c6407e7edee46689933d4d3af71f0d264b6e3f0b1a63826",737280,PPBENCH,bench-nds-hw-arm-canvas-thumb-o2,benchmark_started,1,1,1,1,1,0,0,00000000,1
"desmume","canvas-thumb-o2",2,124,"c8c0fb012f1fa9c83c6407e7edee46689933d4d3af71f0d264b6e3f0b1a63826",737280,PPBENCH,bench-nds-hw-arm-canvas-thumb-o2,file_output_ready,1,0,0,0,0,0,0,00000000,1
"desmume","canvas-thumb-o2",2,124,"c8c0fb012f1fa9c83c6407e7edee46689933d4d3af71f0d264b6e3f0b1a63826",737280,PPBENCH,bench-nds-hw-arm-canvas-thumb-o2,timer_read_overhead_ticks,1,14,14,14,14,0,0,00000000,1
"desmume","canvas-thumb-o2",2,124,"c8c0fb012f1fa9c83c6407e7edee46689933d4d3af71f0d264b6e3f0b1a63826",737280,PPBENCH,bench-nds-hw-arm-canvas-thumb-o2,scene_things_created,1,27,27,27,27,0,0,d8635f64,1
"desmume","canvas-thumb-o2",2,124,"c8c0fb012f1fa9c83c6407e7edee46689933d4d3af71f0d264b6e3f0b1a63826",737280,PPBENCH,bench-nds-hw-arm-canvas-thumb-o2,scene_position_sum_x,1,2995,2995,2995,2995,0,0,d8635f64,1
"desmume","canvas-thumb-o2",2,124,"c8c0fb012f1fa9c83c6407e7edee46689933d4d3af71f0d264b6e3f0b1a63826",737280,PPBENCH,bench-nds-hw-arm-canvas-thumb-o2,scene_position_sum_y,1,1943,1943,1943,1943,0,0,d8635f64,1
"desmume","canvas-thumb-o2",2,124,"c8c0fb012f1fa9c83c6407e7edee46689933d4d3af71f0d264b6e3f0b1a63826",737280,PPBENCH,bench-nds-hw-arm-canvas-thumb-o2,hit_test_heap_delta_bytes,1,0,0,0,0,0,0,d82df0ac,1
"desmume","canvas-thumb-o2",2,124,"c8c0fb012f1fa9c83c6407e7edee46689933d4d3af71f0d264b6e3f0b1a63826",737280,PPBENCH,bench-nds-hw-arm-canvas-thumb-o2,touch_create_and_drag,225,2458483,10926,75,149218,0,0,d8635f64,1
"desmume","canvas-thumb-o2",2,124,"c8c0fb012f1fa9c83c6407e7edee46689933d4d3af71f0d264b6e3f0b1a63826",737280,PPBENCH,bench-nds-hw-arm-canvas-thumb-o2,hit_test,600,1014505,1690,1232,4140,0,0,d82df0ac,1
"desmume","canvas-thumb-o2",2,124,"c8c0fb012f1fa9c83c6407e7edee46689933d4d3af71f0d264b6e3f0b1a63826",737280,PPBENCH,bench-nds-hw-arm-canvas-thumb-o2,physics_step,240,53314720,222144,173663,325193,558566,0,8c4d9050,1
"desmume","canvas-thumb-o2",2,124,"c8c0fb012f1fa9c83c6407e7edee46689933d4d3af71f0d264b6e3f0b1a63826",737280,PPBENCH,bench-nds-hw-arm-canvas-thumb-o2,render_frame,240,80124411,333851,60987,385060,558566,0,8c4d9050,1
"desmume","canvas-thumb-o2",2,124,"c8c0fb012f1fa9c83c6407e7edee46689933d4d3af71f0d264b6e3f0b1a63826",737280,PPBENCH,bench-nds-hw-arm-canvas-thumb-o2,render_begin,240,230524,960,960,961,558566,0,8c4d9050,1
"desmume","canvas-thumb-o2",2,124,"c8c0fb012f1fa9c83c6407e7edee46689933d4d3af71f0d264b6e3f0b1a63826",737280,PPBENCH,bench-nds-hw-arm-canvas-thumb-o2,render_canvas,240,79781313,332422,59558,383630,558566,0,8c4d9050,1
"desmume","canvas-thumb-o2",2,124,"c8c0fb012f1fa9c83c6407e7edee46689933d4d3af71f0d264b6e3f0b1a63826",737280,PPBENCH,bench-nds-hw-arm-canvas-thumb-o2,render_end,240,36938,153,132,154,558566,0,8c4d9050,1
"desmume","canvas-thumb-o2",2,124,"c8c0fb012f1fa9c83c6407e7edee46689933d4d3af71f0d264b6e3f0b1a63826",737280,PPBENCH,bench-nds-hw-arm-canvas-thumb-o2,frame_total,240,133591037,556629,248616,559342,558566,228,8c4d9050,1
"desmume","canvas-thumb-o2",2,124,"c8c0fb012f1fa9c83c6407e7edee46689933d4d3af71f0d264b6e3f0b1a63826",737280,PPBENCH,bench-nds-hw-arm-canvas-thumb-o2,frame_over_1pct_count,1,0,0,0,0,0,0,8c4d9050,1
"desmume","canvas-thumb-o2",2,124,"c8c0fb012f1fa9c83c6407e7edee46689933d4d3af71f0d264b6e3f0b1a63826",737280,PPBENCH,bench-nds-hw-arm-canvas-thumb-o2,frame_over_2x_count,1,0,0,0,0,0,0,8c4d9050,1
"desmume","canvas-thumb-o2",2,124,"c8c0fb012f1fa9c83c6407e7edee46689933d4d3af71f0d264b6e3f0b1a63826",737280,PPBENCH,bench-nds-hw-arm-canvas-thumb-o2,visible_things_rendered,1,5166,5166,5166,5166,0,0,8c4d9050,1
"desmume","canvas-thumb-o2",2,124,"c8c0fb012f1fa9c83c6407e7edee46689933d4d3af71f0d264b6e3f0b1a63826",737280,PPBENCH,bench-nds-hw-arm-canvas-thumb-o2,line_quads_rendered,1,22549,22549,22549,22549,0,0,8c4d9050,1
"desmume","canvas-thumb-o2",2,124,"c8c0fb012f1fa9c83c6407e7edee46689933d4d3af71f0d264b6e3f0b1a63826",737280,PPBENCH,bench-nds-hw-arm-canvas-thumb-o2,things_final,1,27,27,27,27,0,0,8c4d9050,1
"desmume","canvas-thumb-o2",2,124,"c8c0fb012f1fa9c83c6407e7edee46689933d4d3af71f0d264b6e3f0b1a63826",737280,PPBENCH,bench-nds-hw-arm-canvas-thumb-o2,behavior_pass,1,1,1,1,1,0,0,8c4d9050,1
"desmume","canvas-thumb-o2",2,124,"c8c0fb012f1fa9c83c6407e7edee46689933d4d3af71f0d264b6e3f0b1a63826",737280,PPBENCH,bench-nds-hw-arm-canvas-thumb-o2,hit_test_heap_fixed_pass,1,1,1,1,1,0,0,d82df0ac,1
"desmume","canvas-thumb-o2",2,124,"c8c0fb012f1fa9c83c6407e7edee46689933d4d3af71f0d264b6e3f0b1a63826",737280,PPBENCH,bench-nds-hw-arm-canvas-thumb-o2,overall_pass,1,1,1,1,1,0,0,8c4d9050,1
"desmume","reciprocal",1,124,"fd8af70e08d17de80ed1721b07bed4b711a9108fd30e3221d9309b294790e816",739328,PPBENCH,bench-nds-hw-arm-reciprocal,benchmark_started,1,1,1,1,1,0,0,00000000,1
"desmume","reciprocal",1,124,"fd8af70e08d17de80ed1721b07bed4b711a9108fd30e3221d9309b294790e816",739328,PPBENCH,bench-nds-hw-arm-reciprocal,file_output_ready,1,0,0,0,0,0,0,00000000,1
"desmume","reciprocal",1,124,"fd8af70e08d17de80ed1721b07bed4b711a9108fd30e3221d9309b294790e816",739328,PPBENCH,bench-nds-hw-arm-reciprocal,timer_read_overhead_ticks,1,13,13,13,13,0,0,00000000,1
"desmume","reciprocal",1,124,"fd8af70e08d17de80ed1721b07bed4b711a9108fd30e3221d9309b294790e816",739328,PPBENCH,bench-nds-hw-arm-reciprocal,scene_things_created,1,27,27,27,27,0,0,d8635f64,1
"desmume","reciprocal",1,124,"fd8af70e08d17de80ed1721b07bed4b711a9108fd30e3221d9309b294790e816",739328,PPBENCH,bench-nds-hw-arm-reciprocal,scene_position_sum_x,1,2995,2995,2995,2995,0,0,d8635f64,1
"desmume","reciprocal",1,124,"fd8af70e08d17de80ed1721b07bed4b711a9108fd30e3221d9309b294790e816",739328,PPBENCH,bench-nds-hw-arm-reciprocal,scene_position_sum_y,1,1943,1943,1943,1943,0,0,d8635f64,1
"desmume","reciprocal",1,124,"fd8af70e08d17de80ed1721b07bed4b711a9108fd30e3221d9309b294790e816",739328,PPBENCH,bench-nds-hw-arm-reciprocal,hit_test_heap_delta_bytes,1,0,0,0,0,0,0,d82df0ac,1
"desmume","reciprocal",1,124,"fd8af70e08d17de80ed1721b07bed4b711a9108fd30e3221d9309b294790e816",739328,PPBENCH,bench-nds-hw-arm-reciprocal,touch_create_and_drag,225,2432020,10808,99,151480,0,0,d8635f64,1
"desmume","reciprocal",1,124,"fd8af70e08d17de80ed1721b07bed4b711a9108fd30e3221d9309b294790e816",739328,PPBENCH,bench-nds-hw-arm-reciprocal,hit_test,600,1053565,1755,1289,3976,0,0,d82df0ac,1
"desmume","reciprocal",1,124,"fd8af70e08d17de80ed1721b07bed4b711a9108fd30e3221d9309b294790e816",739328,PPBENCH,bench-nds-hw-arm-reciprocal,physics_step,240,52682653,219511,173148,320149,558566,0,8c4d9050,1
"desmume","reciprocal",1,124,"fd8af70e08d17de80ed1721b07bed4b711a9108fd30e3221d9309b294790e816",739328,PPBENCH,bench-nds-hw-arm-reciprocal,render_frame,240,80816960,336737,39093,385695,558566,0,8c4d9050,1
"desmume","reciprocal",1,124,"fd8af70e08d17de80ed1721b07bed4b711a9108fd30e3221d9309b294790e816",739328,PPBENCH,bench-nds-hw-arm-reciprocal,render_begin,240,237480,989,989,990,558566,0,8c4d9050,1
"desmume","reciprocal",1,124,"fd8af70e08d17de80ed1721b07bed4b711a9108fd30e3221d9309b294790e816",739328,PPBENCH,bench-nds-hw-arm-reciprocal,render_canvas,240,80461880,335257,37613,384216,558566,0,8c4d9050,1
"desmume","reciprocal",1,124,"fd8af70e08d17de80ed1721b07bed4b711a9108fd30e3221d9309b294790e816",739328,PPBENCH,bench-nds-hw-arm-reciprocal,render_end,240,35878,149,149,150,558566,0,8c4d9050,1
"desmume","reciprocal",1,124,"fd8af70e08d17de80ed1721b07bed4b711a9108fd30e3221d9309b294790e816",739328,PPBENCH,bench-nds-hw-arm-reciprocal,frame_total,240,133640119,556833,224586,559413,558566,228,8c4d9050,1
"desmume","reciprocal",1,124,"fd8af70e08d17de80ed1721b07bed4b711a9108fd30e3221d9309b294790e816",739328,PPBENCH,bench-nds-hw-arm-reciprocal,frame_over_1pct_count,1,0,0,0,0,0,0,8c4d9050,1
"desmume","reciprocal",1,124,"fd8af70e08d17de80ed1721b07bed4b711a9108fd30e3221d9309b294790e816",739328,PPBENCH,bench-nds-hw-arm-reciprocal,frame_over_2x_count,1,0,0,0,0,0,0,8c4d9050,1
"desmume","reciprocal",1,124,"fd8af70e08d17de80ed1721b07bed4b711a9108fd30e3221d9309b294790e816",739328,PPBENCH,bench-nds-hw-arm-reciprocal,visible_things_rendered,1,5166,5166,5166,5166,0,0,8c4d9050,1
"desmume","reciprocal",1,124,"fd8af70e08d17de80ed1721b07bed4b711a9108fd30e3221d9309b294790e816",739328,PPBENCH,bench-nds-hw-arm-reciprocal,line_quads_rendered,1,22549,22549,22549,22549,0,0,8c4d9050,1
"desmume","reciprocal",1,124,"fd8af70e08d17de80ed1721b07bed4b711a9108fd30e3221d9309b294790e816",739328,PPBENCH,bench-nds-hw-arm-reciprocal,things_final,1,27,27,27,27,0,0,8c4d9050,1
"desmume","reciprocal",1,124,"fd8af70e08d17de80ed1721b07bed4b711a9108fd30e3221d9309b294790e816",739328,PPBENCH,bench-nds-hw-arm-reciprocal,behavior_pass,1,1,1,1,1,0,0,8c4d9050,1
"desmume","reciprocal",1,124,"fd8af70e08d17de80ed1721b07bed4b711a9108fd30e3221d9309b294790e816",739328,PPBENCH,bench-nds-hw-arm-reciprocal,hit_test_heap_fixed_pass,1,1,1,1,1,0,0,d82df0ac,1
"desmume","reciprocal",1,124,"fd8af70e08d17de80ed1721b07bed4b711a9108fd30e3221d9309b294790e816",739328,PPBENCH,bench-nds-hw-arm-reciprocal,overall_pass,1,1,1,1,1,0,0,8c4d9050,1
"desmume","reciprocal",2,124,"fd8af70e08d17de80ed1721b07bed4b711a9108fd30e3221d9309b294790e816",739328,PPBENCH,bench-nds-hw-arm-reciprocal,benchmark_started,1,1,1,1,1,0,0,00000000,1
"desmume","reciprocal",2,124,"fd8af70e08d17de80ed1721b07bed4b711a9108fd30e3221d9309b294790e816",739328,PPBENCH,bench-nds-hw-arm-reciprocal,file_output_ready,1,0,0,0,0,0,0,00000000,1
"desmume","reciprocal",2,124,"fd8af70e08d17de80ed1721b07bed4b711a9108fd30e3221d9309b294790e816",739328,PPBENCH,bench-nds-hw-arm-reciprocal,timer_read_overhead_ticks,1,13,13,13,13,0,0,00000000,1
"desmume","reciprocal",2,124,"fd8af70e08d17de80ed1721b07bed4b711a9108fd30e3221d9309b294790e816",739328,PPBENCH,bench-nds-hw-arm-reciprocal,scene_things_created,1,27,27,27,27,0,0,d8635f64,1
"desmume","reciprocal",2,124,"fd8af70e08d17de80ed1721b07bed4b711a9108fd30e3221d9309b294790e816",739328,PPBENCH,bench-nds-hw-arm-reciprocal,scene_position_sum_x,1,2995,2995,2995,2995,0,0,d8635f64,1
"desmume","reciprocal",2,124,"fd8af70e08d17de80ed1721b07bed4b711a9108fd30e3221d9309b294790e816",739328,PPBENCH,bench-nds-hw-arm-reciprocal,scene_position_sum_y,1,1943,1943,1943,1943,0,0,d8635f64,1
"desmume","reciprocal",2,124,"fd8af70e08d17de80ed1721b07bed4b711a9108fd30e3221d9309b294790e816",739328,PPBENCH,bench-nds-hw-arm-reciprocal,hit_test_heap_delta_bytes,1,0,0,0,0,0,0,d82df0ac,1
"desmume","reciprocal",2,124,"fd8af70e08d17de80ed1721b07bed4b711a9108fd30e3221d9309b294790e816",739328,PPBENCH,bench-nds-hw-arm-reciprocal,touch_create_and_drag,225,2432020,10808,99,151480,0,0,d8635f64,1
"desmume","reciprocal",2,124,"fd8af70e08d17de80ed1721b07bed4b711a9108fd30e3221d9309b294790e816",739328,PPBENCH,bench-nds-hw-arm-reciprocal,hit_test,600,1053565,1755,1289,3976,0,0,d82df0ac,1
"desmume","reciprocal",2,124,"fd8af70e08d17de80ed1721b07bed4b711a9108fd30e3221d9309b294790e816",739328,PPBENCH,bench-nds-hw-arm-reciprocal,physics_step,240,52682653,219511,173148,320149,558566,0,8c4d9050,1
"desmume","reciprocal",2,124,"fd8af70e08d17de80ed1721b07bed4b711a9108fd30e3221d9309b294790e816",739328,PPBENCH,bench-nds-hw-arm-reciprocal,render_frame,240,80816960,336737,39093,385695,558566,0,8c4d9050,1
"desmume","reciprocal",2,124,"fd8af70e08d17de80ed1721b07bed4b711a9108fd30e3221d9309b294790e816",739328,PPBENCH,bench-nds-hw-arm-reciprocal,render_begin,240,237480,989,989,990,558566,0,8c4d9050,1
"desmume","reciprocal",2,124,"fd8af70e08d17de80ed1721b07bed4b711a9108fd30e3221d9309b294790e816",739328,PPBENCH,bench-nds-hw-arm-reciprocal,render_canvas,240,80461880,335257,37613,384216,558566,0,8c4d9050,1
"desmume","reciprocal",2,124,"fd8af70e08d17de80ed1721b07bed4b711a9108fd30e3221d9309b294790e816",739328,PPBENCH,bench-nds-hw-arm-reciprocal,render_end,240,35878,149,149,150,558566,0,8c4d9050,1
"desmume","reciprocal",2,124,"fd8af70e08d17de80ed1721b07bed4b711a9108fd30e3221d9309b294790e816",739328,PPBENCH,bench-nds-hw-arm-reciprocal,frame_total,240,133640119,556833,224586,559413,558566,228,8c4d9050,1
"desmume","reciprocal",2,124,"fd8af70e08d17de80ed1721b07bed4b711a9108fd30e3221d9309b294790e816",739328,PPBENCH,bench-nds-hw-arm-reciprocal,frame_over_1pct_count,1,0,0,0,0,0,0,8c4d9050,1
"desmume","reciprocal",2,124,"fd8af70e08d17de80ed1721b07bed4b711a9108fd30e3221d9309b294790e816",739328,PPBENCH,bench-nds-hw-arm-reciprocal,frame_over_2x_count,1,0,0,0,0,0,0,8c4d9050,1
"desmume","reciprocal",2,124,"fd8af70e08d17de80ed1721b07bed4b711a9108fd30e3221d9309b294790e816",739328,PPBENCH,bench-nds-hw-arm-reciprocal,visible_things_rendered,1,5166,5166,5166,5166,0,0,8c4d9050,1
"desmume","reciprocal",2,124,"fd8af70e08d17de80ed1721b07bed4b711a9108fd30e3221d9309b294790e816",739328,PPBENCH,bench-nds-hw-arm-reciprocal,line_quads_rendered,1,22549,22549,22549,22549,0,0,8c4d9050,1
"desmume","reciprocal",2,124,"fd8af70e08d17de80ed1721b07bed4b711a9108fd30e3221d9309b294790e816",739328,PPBENCH,bench-nds-hw-arm-reciprocal,things_final,1,27,27,27,27,0,0,8c4d9050,1
"desmume","reciprocal",2,124,"fd8af70e08d17de80ed1721b07bed4b711a9108fd30e3221d9309b294790e816",739328,PPBENCH,bench-nds-hw-arm-reciprocal,behavior_pass,1,1,1,1,1,0,0,8c4d9050,1
"desmume","reciprocal",2,124,"fd8af70e08d17de80ed1721b07bed4b711a9108fd30e3221d9309b294790e816",739328,PPBENCH,bench-nds-hw-arm-reciprocal,hit_test_heap_fixed_pass,1,1,1,1,1,0,0,d82df0ac,1
"desmume","reciprocal",2,124,"fd8af70e08d17de80ed1721b07bed4b711a9108fd30e3221d9309b294790e816",739328,PPBENCH,bench-nds-hw-arm-reciprocal,overall_pass,1,1,1,1,1,0,0,8c4d9050,1
"desmume","length",1,124,"025e11db4097af232749f8365a676cc2c5df372be08cb2ac15907d63be0c99fc",737280,PPBENCH,bench-nds-hw-arm-backport-length,benchmark_started,1,1,1,1,1,0,0,00000000,1
"desmume","length",1,124,"025e11db4097af232749f8365a676cc2c5df372be08cb2ac15907d63be0c99fc",737280,PPBENCH,bench-nds-hw-arm-backport-length,file_output_ready,1,0,0,0,0,0,0,00000000,1
"desmume","length",1,124,"025e11db4097af232749f8365a676cc2c5df372be08cb2ac15907d63be0c99fc",737280,PPBENCH,bench-nds-hw-arm-backport-length,timer_read_overhead_ticks,1,14,14,14,14,0,0,00000000,1
"desmume","length",1,124,"025e11db4097af232749f8365a676cc2c5df372be08cb2ac15907d63be0c99fc",737280,PPBENCH,bench-nds-hw-arm-backport-length,scene_things_created,1,27,27,27,27,0,0,d8635f64,1
"desmume","length",1,124,"025e11db4097af232749f8365a676cc2c5df372be08cb2ac15907d63be0c99fc",737280,PPBENCH,bench-nds-hw-arm-backport-length,scene_position_sum_x,1,2995,2995,2995,2995,0,0,d8635f64,1
"desmume","length",1,124,"025e11db4097af232749f8365a676cc2c5df372be08cb2ac15907d63be0c99fc",737280,PPBENCH,bench-nds-hw-arm-backport-length,scene_position_sum_y,1,1943,1943,1943,1943,0,0,d8635f64,1
"desmume","length",1,124,"025e11db4097af232749f8365a676cc2c5df372be08cb2ac15907d63be0c99fc",737280,PPBENCH,bench-nds-hw-arm-backport-length,hit_test_heap_delta_bytes,1,0,0,0,0,0,0,d82df0ac,1
"desmume","length",1,124,"025e11db4097af232749f8365a676cc2c5df372be08cb2ac15907d63be0c99fc",737280,PPBENCH,bench-nds-hw-arm-backport-length,touch_create_and_drag,225,2335902,10381,52,147524,0,0,d8635f64,1
"desmume","length",1,124,"025e11db4097af232749f8365a676cc2c5df372be08cb2ac15907d63be0c99fc",737280,PPBENCH,bench-nds-hw-arm-backport-length,hit_test,600,1075587,1792,1336,4241,0,0,d82df0ac,1
"desmume","length",1,124,"025e11db4097af232749f8365a676cc2c5df372be08cb2ac15907d63be0c99fc",737280,PPBENCH,bench-nds-hw-arm-backport-length,physics_step,240,46531189,193879,153601,281753,558566,0,8c4d9050,1
"desmume","length",1,124,"025e11db4097af232749f8365a676cc2c5df372be08cb2ac15907d63be0c99fc",737280,PPBENCH,bench-nds-hw-arm-backport-length,render_frame,240,86972020,362383,41249,405180,558566,0,8c4d9050,1
"desmume","length",1,124,"025e11db4097af232749f8365a676cc2c5df372be08cb2ac15907d63be0c99fc",737280,PPBENCH,bench-nds-hw-arm-backport-length,render_begin,240,230160,959,959,959,558566,0,8c4d9050,1
"desmume","length",1,124,"025e11db4097af232749f8365a676cc2c5df372be08cb2ac15907d63be0c99fc",737280,PPBENCH,bench-nds-hw-arm-backport-length,render_canvas,240,86622324,360926,39792,403724,558566,0,8c4d9050,1
"desmume","length",1,124,"025e11db4097af232749f8365a676cc2c5df372be08cb2ac15907d63be0c99fc",737280,PPBENCH,bench-nds-hw-arm-backport-length,render_end,240,37805,157,157,158,558566,0,8c4d9050,1
"desmume","length",1,124,"025e11db4097af232749f8365a676cc2c5df372be08cb2ac15907d63be0c99fc",737280,PPBENCH,bench-nds-hw-arm-backport-length,frame_total,240,133648883,556870,206036,559398,558566,228,8c4d9050,1
"desmume","length",1,124,"025e11db4097af232749f8365a676cc2c5df372be08cb2ac15907d63be0c99fc",737280,PPBENCH,bench-nds-hw-arm-backport-length,frame_over_1pct_count,1,0,0,0,0,0,0,8c4d9050,1
"desmume","length",1,124,"025e11db4097af232749f8365a676cc2c5df372be08cb2ac15907d63be0c99fc",737280,PPBENCH,bench-nds-hw-arm-backport-length,frame_over_2x_count,1,0,0,0,0,0,0,8c4d9050,1
"desmume","length",1,124,"025e11db4097af232749f8365a676cc2c5df372be08cb2ac15907d63be0c99fc",737280,PPBENCH,bench-nds-hw-arm-backport-length,visible_things_rendered,1,5166,5166,5166,5166,0,0,8c4d9050,1
"desmume","length",1,124,"025e11db4097af232749f8365a676cc2c5df372be08cb2ac15907d63be0c99fc",737280,PPBENCH,bench-nds-hw-arm-backport-length,line_quads_rendered,1,22549,22549,22549,22549,0,0,8c4d9050,1
"desmume","length",1,124,"025e11db4097af232749f8365a676cc2c5df372be08cb2ac15907d63be0c99fc",737280,PPBENCH,bench-nds-hw-arm-backport-length,things_final,1,27,27,27,27,0,0,8c4d9050,1
"desmume","length",1,124,"025e11db4097af232749f8365a676cc2c5df372be08cb2ac15907d63be0c99fc",737280,PPBENCH,bench-nds-hw-arm-backport-length,behavior_pass,1,1,1,1,1,0,0,8c4d9050,1
"desmume","length",1,124,"025e11db4097af232749f8365a676cc2c5df372be08cb2ac15907d63be0c99fc",737280,PPBENCH,bench-nds-hw-arm-backport-length,hit_test_heap_fixed_pass,1,1,1,1,1,0,0,d82df0ac,1
"desmume","length",1,124,"025e11db4097af232749f8365a676cc2c5df372be08cb2ac15907d63be0c99fc",737280,PPBENCH,bench-nds-hw-arm-backport-length,overall_pass,1,1,1,1,1,0,0,8c4d9050,1
"desmume","length",2,124,"025e11db4097af232749f8365a676cc2c5df372be08cb2ac15907d63be0c99fc",737280,PPBENCH,bench-nds-hw-arm-backport-length,benchmark_started,1,1,1,1,1,0,0,00000000,1
"desmume","length",2,124,"025e11db4097af232749f8365a676cc2c5df372be08cb2ac15907d63be0c99fc",737280,PPBENCH,bench-nds-hw-arm-backport-length,file_output_ready,1,0,0,0,0,0,0,00000000,1
"desmume","length",2,124,"025e11db4097af232749f8365a676cc2c5df372be08cb2ac15907d63be0c99fc",737280,PPBENCH,bench-nds-hw-arm-backport-length,timer_read_overhead_ticks,1,14,14,14,14,0,0,00000000,1
"desmume","length",2,124,"025e11db4097af232749f8365a676cc2c5df372be08cb2ac15907d63be0c99fc",737280,PPBENCH,bench-nds-hw-arm-backport-length,scene_things_created,1,27,27,27,27,0,0,d8635f64,1
"desmume","length",2,124,"025e11db4097af232749f8365a676cc2c5df372be08cb2ac15907d63be0c99fc",737280,PPBENCH,bench-nds-hw-arm-backport-length,scene_position_sum_x,1,2995,2995,2995,2995,0,0,d8635f64,1
"desmume","length",2,124,"025e11db4097af232749f8365a676cc2c5df372be08cb2ac15907d63be0c99fc",737280,PPBENCH,bench-nds-hw-arm-backport-length,scene_position_sum_y,1,1943,1943,1943,1943,0,0,d8635f64,1
"desmume","length",2,124,"025e11db4097af232749f8365a676cc2c5df372be08cb2ac15907d63be0c99fc",737280,PPBENCH,bench-nds-hw-arm-backport-length,hit_test_heap_delta_bytes,1,0,0,0,0,0,0,d82df0ac,1
"desmume","length",2,124,"025e11db4097af232749f8365a676cc2c5df372be08cb2ac15907d63be0c99fc",737280,PPBENCH,bench-nds-hw-arm-backport-length,touch_create_and_drag,225,2335902,10381,52,147524,0,0,d8635f64,1
"desmume","length",2,124,"025e11db4097af232749f8365a676cc2c5df372be08cb2ac15907d63be0c99fc",737280,PPBENCH,bench-nds-hw-arm-backport-length,hit_test,600,1075587,1792,1336,4241,0,0,d82df0ac,1
"desmume","length",2,124,"025e11db4097af232749f8365a676cc2c5df372be08cb2ac15907d63be0c99fc",737280,PPBENCH,bench-nds-hw-arm-backport-length,physics_step,240,46531189,193879,153601,281753,558566,0,8c4d9050,1
"desmume","length",2,124,"025e11db4097af232749f8365a676cc2c5df372be08cb2ac15907d63be0c99fc",737280,PPBENCH,bench-nds-hw-arm-backport-length,render_frame,240,86972020,362383,41249,405180,558566,0,8c4d9050,1
"desmume","length",2,124,"025e11db4097af232749f8365a676cc2c5df372be08cb2ac15907d63be0c99fc",737280,PPBENCH,bench-nds-hw-arm-backport-length,render_begin,240,230160,959,959,959,558566,0,8c4d9050,1
"desmume","length",2,124,"025e11db4097af232749f8365a676cc2c5df372be08cb2ac15907d63be0c99fc",737280,PPBENCH,bench-nds-hw-arm-backport-length,render_canvas,240,86622324,360926,39792,403724,558566,0,8c4d9050,1
"desmume","length",2,124,"025e11db4097af232749f8365a676cc2c5df372be08cb2ac15907d63be0c99fc",737280,PPBENCH,bench-nds-hw-arm-backport-length,render_end,240,37805,157,157,158,558566,0,8c4d9050,1
"desmume","length",2,124,"025e11db4097af232749f8365a676cc2c5df372be08cb2ac15907d63be0c99fc",737280,PPBENCH,bench-nds-hw-arm-backport-length,frame_total,240,133648883,556870,206036,559398,558566,228,8c4d9050,1
"desmume","length",2,124,"025e11db4097af232749f8365a676cc2c5df372be08cb2ac15907d63be0c99fc",737280,PPBENCH,bench-nds-hw-arm-backport-length,frame_over_1pct_count,1,0,0,0,0,0,0,8c4d9050,1
"desmume","length",2,124,"025e11db4097af232749f8365a676cc2c5df372be08cb2ac15907d63be0c99fc",737280,PPBENCH,bench-nds-hw-arm-backport-length,frame_over_2x_count,1,0,0,0,0,0,0,8c4d9050,1
"desmume","length",2,124,"025e11db4097af232749f8365a676cc2c5df372be08cb2ac15907d63be0c99fc",737280,PPBENCH,bench-nds-hw-arm-backport-length,visible_things_rendered,1,5166,5166,5166,5166,0,0,8c4d9050,1
"desmume","length",2,124,"025e11db4097af232749f8365a676cc2c5df372be08cb2ac15907d63be0c99fc",737280,PPBENCH,bench-nds-hw-arm-backport-length,line_quads_rendered,1,22549,22549,22549,22549,0,0,8c4d9050,1
"desmume","length",2,124,"025e11db4097af232749f8365a676cc2c5df372be08cb2ac15907d63be0c99fc",737280,PPBENCH,bench-nds-hw-arm-backport-length,things_final,1,27,27,27,27,0,0,8c4d9050,1
"desmume","length",2,124,"025e11db4097af232749f8365a676cc2c5df372be08cb2ac15907d63be0c99fc",737280,PPBENCH,bench-nds-hw-arm-backport-length,behavior_pass,1,1,1,1,1,0,0,8c4d9050,1
"desmume","length",2,124,"025e11db4097af232749f8365a676cc2c5df372be08cb2ac15907d63be0c99fc",737280,PPBENCH,bench-nds-hw-arm-backport-length,hit_test_heap_fixed_pass,1,1,1,1,1,0,0,d82df0ac,1
"desmume","length",2,124,"025e11db4097af232749f8365a676cc2c5df372be08cb2ac15907d63be0c99fc",737280,PPBENCH,bench-nds-hw-arm-backport-length,overall_pass,1,1,1,1,1,0,0,8c4d9050,1
"desmume","gate",1,124,"6642f943c18e89d5549a0983bdee6e20b662c7e19acfa2cf832398657564f1c3",739328,PPBENCH,bench-nds-hw-arm-backport-gate,benchmark_started,1,1,1,1,1,0,0,00000000,1
"desmume","gate",1,124,"6642f943c18e89d5549a0983bdee6e20b662c7e19acfa2cf832398657564f1c3",739328,PPBENCH,bench-nds-hw-arm-backport-gate,file_output_ready,1,0,0,0,0,0,0,00000000,1
"desmume","gate",1,124,"6642f943c18e89d5549a0983bdee6e20b662c7e19acfa2cf832398657564f1c3",739328,PPBENCH,bench-nds-hw-arm-backport-gate,timer_read_overhead_ticks,1,13,13,13,13,0,0,00000000,1
"desmume","gate",1,124,"6642f943c18e89d5549a0983bdee6e20b662c7e19acfa2cf832398657564f1c3",739328,PPBENCH,bench-nds-hw-arm-backport-gate,scene_things_created,1,27,27,27,27,0,0,d8635f64,1
"desmume","gate",1,124,"6642f943c18e89d5549a0983bdee6e20b662c7e19acfa2cf832398657564f1c3",739328,PPBENCH,bench-nds-hw-arm-backport-gate,scene_position_sum_x,1,2995,2995,2995,2995,0,0,d8635f64,1
"desmume","gate",1,124,"6642f943c18e89d5549a0983bdee6e20b662c7e19acfa2cf832398657564f1c3",739328,PPBENCH,bench-nds-hw-arm-backport-gate,scene_position_sum_y,1,1943,1943,1943,1943,0,0,d8635f64,1
"desmume","gate",1,124,"6642f943c18e89d5549a0983bdee6e20b662c7e19acfa2cf832398657564f1c3",739328,PPBENCH,bench-nds-hw-arm-backport-gate,hit_test_heap_delta_bytes,1,0,0,0,0,0,0,d82df0ac,1
"desmume","gate",1,124,"6642f943c18e89d5549a0983bdee6e20b662c7e19acfa2cf832398657564f1c3",739328,PPBENCH,bench-nds-hw-arm-backport-gate,touch_create_and_drag,225,2455463,10913,75,153601,0,0,d8635f64,1
"desmume","gate",1,124,"6642f943c18e89d5549a0983bdee6e20b662c7e19acfa2cf832398657564f1c3",739328,PPBENCH,bench-nds-hw-arm-backport-gate,hit_test,600,1148662,1914,1432,3984,0,0,d82df0ac,1
"desmume","gate",1,124,"6642f943c18e89d5549a0983bdee6e20b662c7e19acfa2cf832398657564f1c3",739328,PPBENCH,bench-nds-hw-arm-backport-gate,physics_step,240,51754322,215643,166277,313566,558566,0,8c4d9050,1
"desmume","gate",1,124,"6642f943c18e89d5549a0983bdee6e20b662c7e19acfa2cf832398657564f1c3",739328,PPBENCH,bench-nds-hw-arm-backport-gate,render_frame,240,81559239,339830,41237,392414,558566,0,8c4d9050,1
"desmume","gate",1,124,"6642f943c18e89d5549a0983bdee6e20b662c7e19acfa2cf832398657564f1c3",739328,PPBENCH,bench-nds-hw-arm-backport-gate,render_begin,240,237963,991,991,992,558566,0,8c4d9050,1
"desmume","gate",1,124,"6642f943c18e89d5549a0983bdee6e20b662c7e19acfa2cf832398657564f1c3",739328,PPBENCH,bench-nds-hw-arm-backport-gate,render_canvas,240,81204091,338350,39752,390930,558566,0,8c4d9050,1
"desmume","gate",1,124,"6642f943c18e89d5549a0983bdee6e20b662c7e19acfa2cf832398657564f1c3",739328,PPBENCH,bench-nds-hw-arm-backport-gate,render_end,240,35468,147,133,153,558566,0,8c4d9050,1
"desmume","gate",1,124,"6642f943c18e89d5549a0983bdee6e20b662c7e19acfa2cf832398657564f1c3",739328,PPBENCH,bench-nds-hw-arm-backport-gate,frame_total,240,133459233,556080,214227,559442,558566,227,8c4d9050,1
"desmume","gate",1,124,"6642f943c18e89d5549a0983bdee6e20b662c7e19acfa2cf832398657564f1c3",739328,PPBENCH,bench-nds-hw-arm-backport-gate,frame_over_1pct_count,1,0,0,0,0,0,0,8c4d9050,1
"desmume","gate",1,124,"6642f943c18e89d5549a0983bdee6e20b662c7e19acfa2cf832398657564f1c3",739328,PPBENCH,bench-nds-hw-arm-backport-gate,frame_over_2x_count,1,0,0,0,0,0,0,8c4d9050,1
"desmume","gate",1,124,"6642f943c18e89d5549a0983bdee6e20b662c7e19acfa2cf832398657564f1c3",739328,PPBENCH,bench-nds-hw-arm-backport-gate,visible_things_rendered,1,5166,5166,5166,5166,0,0,8c4d9050,1
"desmume","gate",1,124,"6642f943c18e89d5549a0983bdee6e20b662c7e19acfa2cf832398657564f1c3",739328,PPBENCH,bench-nds-hw-arm-backport-gate,line_quads_rendered,1,22549,22549,22549,22549,0,0,8c4d9050,1
"desmume","gate",1,124,"6642f943c18e89d5549a0983bdee6e20b662c7e19acfa2cf832398657564f1c3",739328,PPBENCH,bench-nds-hw-arm-backport-gate,things_final,1,27,27,27,27,0,0,8c4d9050,1
"desmume","gate",1,124,"6642f943c18e89d5549a0983bdee6e20b662c7e19acfa2cf832398657564f1c3",739328,PPBENCH,bench-nds-hw-arm-backport-gate,behavior_pass,1,1,1,1,1,0,0,8c4d9050,1
"desmume","gate",1,124,"6642f943c18e89d5549a0983bdee6e20b662c7e19acfa2cf832398657564f1c3",739328,PPBENCH,bench-nds-hw-arm-backport-gate,hit_test_heap_fixed_pass,1,1,1,1,1,0,0,d82df0ac,1
"desmume","gate",1,124,"6642f943c18e89d5549a0983bdee6e20b662c7e19acfa2cf832398657564f1c3",739328,PPBENCH,bench-nds-hw-arm-backport-gate,overall_pass,1,1,1,1,1,0,0,8c4d9050,1
"desmume","gate",2,124,"6642f943c18e89d5549a0983bdee6e20b662c7e19acfa2cf832398657564f1c3",739328,PPBENCH,bench-nds-hw-arm-backport-gate,benchmark_started,1,1,1,1,1,0,0,00000000,1
"desmume","gate",2,124,"6642f943c18e89d5549a0983bdee6e20b662c7e19acfa2cf832398657564f1c3",739328,PPBENCH,bench-nds-hw-arm-backport-gate,file_output_ready,1,0,0,0,0,0,0,00000000,1
"desmume","gate",2,124,"6642f943c18e89d5549a0983bdee6e20b662c7e19acfa2cf832398657564f1c3",739328,PPBENCH,bench-nds-hw-arm-backport-gate,timer_read_overhead_ticks,1,13,13,13,13,0,0,00000000,1
"desmume","gate",2,124,"6642f943c18e89d5549a0983bdee6e20b662c7e19acfa2cf832398657564f1c3",739328,PPBENCH,bench-nds-hw-arm-backport-gate,scene_things_created,1,27,27,27,27,0,0,d8635f64,1
"desmume","gate",2,124,"6642f943c18e89d5549a0983bdee6e20b662c7e19acfa2cf832398657564f1c3",739328,PPBENCH,bench-nds-hw-arm-backport-gate,scene_position_sum_x,1,2995,2995,2995,2995,0,0,d8635f64,1
"desmume","gate",2,124,"6642f943c18e89d5549a0983bdee6e20b662c7e19acfa2cf832398657564f1c3",739328,PPBENCH,bench-nds-hw-arm-backport-gate,scene_position_sum_y,1,1943,1943,1943,1943,0,0,d8635f64,1
"desmume","gate",2,124,"6642f943c18e89d5549a0983bdee6e20b662c7e19acfa2cf832398657564f1c3",739328,PPBENCH,bench-nds-hw-arm-backport-gate,hit_test_heap_delta_bytes,1,0,0,0,0,0,0,d82df0ac,1
"desmume","gate",2,124,"6642f943c18e89d5549a0983bdee6e20b662c7e19acfa2cf832398657564f1c3",739328,PPBENCH,bench-nds-hw-arm-backport-gate,touch_create_and_drag,225,2455463,10913,75,153601,0,0,d8635f64,1
"desmume","gate",2,124,"6642f943c18e89d5549a0983bdee6e20b662c7e19acfa2cf832398657564f1c3",739328,PPBENCH,bench-nds-hw-arm-backport-gate,hit_test,600,1148662,1914,1432,3984,0,0,d82df0ac,1
"desmume","gate",2,124,"6642f943c18e89d5549a0983bdee6e20b662c7e19acfa2cf832398657564f1c3",739328,PPBENCH,bench-nds-hw-arm-backport-gate,physics_step,240,51754322,215643,166277,313566,558566,0,8c4d9050,1
"desmume","gate",2,124,"6642f943c18e89d5549a0983bdee6e20b662c7e19acfa2cf832398657564f1c3",739328,PPBENCH,bench-nds-hw-arm-backport-gate,render_frame,240,81559239,339830,41237,392414,558566,0,8c4d9050,1
"desmume","gate",2,124,"6642f943c18e89d5549a0983bdee6e20b662c7e19acfa2cf832398657564f1c3",739328,PPBENCH,bench-nds-hw-arm-backport-gate,render_begin,240,237963,991,991,992,558566,0,8c4d9050,1
"desmume","gate",2,124,"6642f943c18e89d5549a0983bdee6e20b662c7e19acfa2cf832398657564f1c3",739328,PPBENCH,bench-nds-hw-arm-backport-gate,render_canvas,240,81204091,338350,39752,390930,558566,0,8c4d9050,1
"desmume","gate",2,124,"6642f943c18e89d5549a0983bdee6e20b662c7e19acfa2cf832398657564f1c3",739328,PPBENCH,bench-nds-hw-arm-backport-gate,render_end,240,35468,147,133,153,558566,0,8c4d9050,1
"desmume","gate",2,124,"6642f943c18e89d5549a0983bdee6e20b662c7e19acfa2cf832398657564f1c3",739328,PPBENCH,bench-nds-hw-arm-backport-gate,frame_total,240,133459233,556080,214227,559442,558566,227,8c4d9050,1
"desmume","gate",2,124,"6642f943c18e89d5549a0983bdee6e20b662c7e19acfa2cf832398657564f1c3",739328,PPBENCH,bench-nds-hw-arm-backport-gate,frame_over_1pct_count,1,0,0,0,0,0,0,8c4d9050,1
"desmume","gate",2,124,"6642f943c18e89d5549a0983bdee6e20b662c7e19acfa2cf832398657564f1c3",739328,PPBENCH,bench-nds-hw-arm-backport-gate,frame_over_2x_count,1,0,0,0,0,0,0,8c4d9050,1
"desmume","gate",2,124,"6642f943c18e89d5549a0983bdee6e20b662c7e19acfa2cf832398657564f1c3",739328,PPBENCH,bench-nds-hw-arm-backport-gate,visible_things_rendered,1,5166,5166,5166,5166,0,0,8c4d9050,1
"desmume","gate",2,124,"6642f943c18e89d5549a0983bdee6e20b662c7e19acfa2cf832398657564f1c3",739328,PPBENCH,bench-nds-hw-arm-backport-gate,line_quads_rendered,1,22549,22549,22549,22549,0,0,8c4d9050,1
"desmume","gate",2,124,"6642f943c18e89d5549a0983bdee6e20b662c7e19acfa2cf832398657564f1c3",739328,PPBENCH,bench-nds-hw-arm-backport-gate,things_final,1,27,27,27,27,0,0,8c4d9050,1
"desmume","gate",2,124,"6642f943c18e89d5549a0983bdee6e20b662c7e19acfa2cf832398657564f1c3",739328,PPBENCH,bench-nds-hw-arm-backport-gate,behavior_pass,1,1,1,1,1,0,0,8c4d9050,1
"desmume","gate",2,124,"6642f943c18e89d5549a0983bdee6e20b662c7e19acfa2cf832398657564f1c3",739328,PPBENCH,bench-nds-hw-arm-backport-gate,hit_test_heap_fixed_pass,1,1,1,1,1,0,0,d82df0ac,1
"desmume","gate",2,124,"6642f943c18e89d5549a0983bdee6e20b662c7e19acfa2cf832398657564f1c3",739328,PPBENCH,bench-nds-hw-arm-backport-gate,overall_pass,1,1,1,1,1,0,0,8c4d9050,1
"desmume","combined",1,124,"23a6895ba02e2b143e4e79ad59b7f0b112278740c232e3b14061f08dd1967945",737280,PPBENCH,bench-nds-hw-arm-backport-combined,benchmark_started,1,1,1,1,1,0,0,00000000,1
"desmume","combined",1,124,"23a6895ba02e2b143e4e79ad59b7f0b112278740c232e3b14061f08dd1967945",737280,PPBENCH,bench-nds-hw-arm-backport-combined,file_output_ready,1,0,0,0,0,0,0,00000000,1
"desmume","combined",1,124,"23a6895ba02e2b143e4e79ad59b7f0b112278740c232e3b14061f08dd1967945",737280,PPBENCH,bench-nds-hw-arm-backport-combined,timer_read_overhead_ticks,1,14,14,14,14,0,0,00000000,1
"desmume","combined",1,124,"23a6895ba02e2b143e4e79ad59b7f0b112278740c232e3b14061f08dd1967945",737280,PPBENCH,bench-nds-hw-arm-backport-combined,scene_things_created,1,27,27,27,27,0,0,d8635f64,1
"desmume","combined",1,124,"23a6895ba02e2b143e4e79ad59b7f0b112278740c232e3b14061f08dd1967945",737280,PPBENCH,bench-nds-hw-arm-backport-combined,scene_position_sum_x,1,2995,2995,2995,2995,0,0,d8635f64,1
"desmume","combined",1,124,"23a6895ba02e2b143e4e79ad59b7f0b112278740c232e3b14061f08dd1967945",737280,PPBENCH,bench-nds-hw-arm-backport-combined,scene_position_sum_y,1,1943,1943,1943,1943,0,0,d8635f64,1
"desmume","combined",1,124,"23a6895ba02e2b143e4e79ad59b7f0b112278740c232e3b14061f08dd1967945",737280,PPBENCH,bench-nds-hw-arm-backport-combined,hit_test_heap_delta_bytes,1,0,0,0,0,0,0,d82df0ac,1
"desmume","combined",1,124,"23a6895ba02e2b143e4e79ad59b7f0b112278740c232e3b14061f08dd1967945",737280,PPBENCH,bench-nds-hw-arm-backport-combined,touch_create_and_drag,225,2335898,10381,77,144033,0,0,d8635f64,1
"desmume","combined",1,124,"23a6895ba02e2b143e4e79ad59b7f0b112278740c232e3b14061f08dd1967945",737280,PPBENCH,bench-nds-hw-arm-backport-combined,hit_test,600,1072748,1787,1336,3676,0,0,d82df0ac,1
"desmume","combined",1,124,"23a6895ba02e2b143e4e79ad59b7f0b112278740c232e3b14061f08dd1967945",737280,PPBENCH,bench-nds-hw-arm-backport-combined,physics_step,240,46415369,193397,152131,281261,558566,0,8c4d9050,1
"desmume","combined",1,124,"23a6895ba02e2b143e4e79ad59b7f0b112278740c232e3b14061f08dd1967945",737280,PPBENCH,bench-nds-hw-arm-backport-combined,render_frame,240,87052834,362720,41443,406621,558566,0,8c4d9050,1
"desmume","combined",1,124,"23a6895ba02e2b143e4e79ad59b7f0b112278740c232e3b14061f08dd1967945",737280,PPBENCH,bench-nds-hw-arm-backport-combined,render_begin,240,230160,959,959,959,558566,0,8c4d9050,1
"desmume","combined",1,124,"23a6895ba02e2b143e4e79ad59b7f0b112278740c232e3b14061f08dd1967945",737280,PPBENCH,bench-nds-hw-arm-backport-combined,render_canvas,240,86703282,361263,39987,405164,558566,0,8c4d9050,1
"desmume","combined",1,124,"23a6895ba02e2b143e4e79ad59b7f0b112278740c232e3b14061f08dd1967945",737280,PPBENCH,bench-nds-hw-arm-backport-combined,render_end,240,37801,157,157,158,558566,0,8c4d9050,1
"desmume","combined",1,124,"23a6895ba02e2b143e4e79ad59b7f0b112278740c232e3b14061f08dd1967945",737280,PPBENCH,bench-nds-hw-arm-backport-combined,frame_total,240,133608137,556700,199907,559466,558566,228,8c4d9050,1
"desmume","combined",1,124,"23a6895ba02e2b143e4e79ad59b7f0b112278740c232e3b14061f08dd1967945",737280,PPBENCH,bench-nds-hw-arm-backport-combined,frame_over_1pct_count,1,0,0,0,0,0,0,8c4d9050,1
"desmume","combined",1,124,"23a6895ba02e2b143e4e79ad59b7f0b112278740c232e3b14061f08dd1967945",737280,PPBENCH,bench-nds-hw-arm-backport-combined,frame_over_2x_count,1,0,0,0,0,0,0,8c4d9050,1
"desmume","combined",1,124,"23a6895ba02e2b143e4e79ad59b7f0b112278740c232e3b14061f08dd1967945",737280,PPBENCH,bench-nds-hw-arm-backport-combined,visible_things_rendered,1,5166,5166,5166,5166,0,0,8c4d9050,1
"desmume","combined",1,124,"23a6895ba02e2b143e4e79ad59b7f0b112278740c232e3b14061f08dd1967945",737280,PPBENCH,bench-nds-hw-arm-backport-combined,line_quads_rendered,1,22549,22549,22549,22549,0,0,8c4d9050,1
"desmume","combined",1,124,"23a6895ba02e2b143e4e79ad59b7f0b112278740c232e3b14061f08dd1967945",737280,PPBENCH,bench-nds-hw-arm-backport-combined,things_final,1,27,27,27,27,0,0,8c4d9050,1
"desmume","combined",1,124,"23a6895ba02e2b143e4e79ad59b7f0b112278740c232e3b14061f08dd1967945",737280,PPBENCH,bench-nds-hw-arm-backport-combined,behavior_pass,1,1,1,1,1,0,0,8c4d9050,1
"desmume","combined",1,124,"23a6895ba02e2b143e4e79ad59b7f0b112278740c232e3b14061f08dd1967945",737280,PPBENCH,bench-nds-hw-arm-backport-combined,hit_test_heap_fixed_pass,1,1,1,1,1,0,0,d82df0ac,1
"desmume","combined",1,124,"23a6895ba02e2b143e4e79ad59b7f0b112278740c232e3b14061f08dd1967945",737280,PPBENCH,bench-nds-hw-arm-backport-combined,overall_pass,1,1,1,1,1,0,0,8c4d9050,1
"desmume","combined",2,124,"23a6895ba02e2b143e4e79ad59b7f0b112278740c232e3b14061f08dd1967945",737280,PPBENCH,bench-nds-hw-arm-backport-combined,benchmark_started,1,1,1,1,1,0,0,00000000,1
"desmume","combined",2,124,"23a6895ba02e2b143e4e79ad59b7f0b112278740c232e3b14061f08dd1967945",737280,PPBENCH,bench-nds-hw-arm-backport-combined,file_output_ready,1,0,0,0,0,0,0,00000000,1
"desmume","combined",2,124,"23a6895ba02e2b143e4e79ad59b7f0b112278740c232e3b14061f08dd1967945",737280,PPBENCH,bench-nds-hw-arm-backport-combined,timer_read_overhead_ticks,1,14,14,14,14,0,0,00000000,1
"desmume","combined",2,124,"23a6895ba02e2b143e4e79ad59b7f0b112278740c232e3b14061f08dd1967945",737280,PPBENCH,bench-nds-hw-arm-backport-combined,scene_things_created,1,27,27,27,27,0,0,d8635f64,1
"desmume","combined",2,124,"23a6895ba02e2b143e4e79ad59b7f0b112278740c232e3b14061f08dd1967945",737280,PPBENCH,bench-nds-hw-arm-backport-combined,scene_position_sum_x,1,2995,2995,2995,2995,0,0,d8635f64,1
"desmume","combined",2,124,"23a6895ba02e2b143e4e79ad59b7f0b112278740c232e3b14061f08dd1967945",737280,PPBENCH,bench-nds-hw-arm-backport-combined,scene_position_sum_y,1,1943,1943,1943,1943,0,0,d8635f64,1
"desmume","combined",2,124,"23a6895ba02e2b143e4e79ad59b7f0b112278740c232e3b14061f08dd1967945",737280,PPBENCH,bench-nds-hw-arm-backport-combined,hit_test_heap_delta_bytes,1,0,0,0,0,0,0,d82df0ac,1
"desmume","combined",2,124,"23a6895ba02e2b143e4e79ad59b7f0b112278740c232e3b14061f08dd1967945",737280,PPBENCH,bench-nds-hw-arm-backport-combined,touch_create_and_drag,225,2335898,10381,77,144033,0,0,d8635f64,1
"desmume","combined",2,124,"23a6895ba02e2b143e4e79ad59b7f0b112278740c232e3b14061f08dd1967945",737280,PPBENCH,bench-nds-hw-arm-backport-combined,hit_test,600,1072748,1787,1336,3676,0,0,d82df0ac,1
"desmume","combined",2,124,"23a6895ba02e2b143e4e79ad59b7f0b112278740c232e3b14061f08dd1967945",737280,PPBENCH,bench-nds-hw-arm-backport-combined,physics_step,240,46415369,193397,152131,281261,558566,0,8c4d9050,1
"desmume","combined",2,124,"23a6895ba02e2b143e4e79ad59b7f0b112278740c232e3b14061f08dd1967945",737280,PPBENCH,bench-nds-hw-arm-backport-combined,render_frame,240,87052834,362720,41443,406621,558566,0,8c4d9050,1
"desmume","combined",2,124,"23a6895ba02e2b143e4e79ad59b7f0b112278740c232e3b14061f08dd1967945",737280,PPBENCH,bench-nds-hw-arm-backport-combined,render_begin,240,230160,959,959,959,558566,0,8c4d9050,1
"desmume","combined",2,124,"23a6895ba02e2b143e4e79ad59b7f0b112278740c232e3b14061f08dd1967945",737280,PPBENCH,bench-nds-hw-arm-backport-combined,render_canvas,240,86703282,361263,39987,405164,558566,0,8c4d9050,1
"desmume","combined",2,124,"23a6895ba02e2b143e4e79ad59b7f0b112278740c232e3b14061f08dd1967945",737280,PPBENCH,bench-nds-hw-arm-backport-combined,render_end,240,37801,157,157,158,558566,0,8c4d9050,1
"desmume","combined",2,124,"23a6895ba02e2b143e4e79ad59b7f0b112278740c232e3b14061f08dd1967945",737280,PPBENCH,bench-nds-hw-arm-backport-combined,frame_total,240,133608137,556700,199907,559466,558566,228,8c4d9050,1
"desmume","combined",2,124,"23a6895ba02e2b143e4e79ad59b7f0b112278740c232e3b14061f08dd1967945",737280,PPBENCH,bench-nds-hw-arm-backport-combined,frame_over_1pct_count,1,0,0,0,0,0,0,8c4d9050,1
"desmume","combined",2,124,"23a6895ba02e2b143e4e79ad59b7f0b112278740c232e3b14061f08dd1967945",737280,PPBENCH,bench-nds-hw-arm-backport-combined,frame_over_2x_count,1,0,0,0,0,0,0,8c4d9050,1
"desmume","combined",2,124,"23a6895ba02e2b143e4e79ad59b7f0b112278740c232e3b14061f08dd1967945",737280,PPBENCH,bench-nds-hw-arm-backport-combined,visible_things_rendered,1,5166,5166,5166,5166,0,0,8c4d9050,1
"desmume","combined",2,124,"23a6895ba02e2b143e4e79ad59b7f0b112278740c232e3b14061f08dd1967945",737280,PPBENCH,bench-nds-hw-arm-backport-combined,line_quads_rendered,1,22549,22549,22549,22549,0,0,8c4d9050,1
"desmume","combined",2,124,"23a6895ba02e2b143e4e79ad59b7f0b112278740c232e3b14061f08dd1967945",737280,PPBENCH,bench-nds-hw-arm-backport-combined,things_final,1,27,27,27,27,0,0,8c4d9050,1
"desmume","combined",2,124,"23a6895ba02e2b143e4e79ad59b7f0b112278740c232e3b14061f08dd1967945",737280,PPBENCH,bench-nds-hw-arm-backport-combined,behavior_pass,1,1,1,1,1,0,0,8c4d9050,1
"desmume","combined",2,124,"23a6895ba02e2b143e4e79ad59b7f0b112278740c232e3b14061f08dd1967945",737280,PPBENCH,bench-nds-hw-arm-backport-combined,hit_test_heap_fixed_pass,1,1,1,1,1,0,0,d82df0ac,1
"desmume","combined",2,124,"23a6895ba02e2b143e4e79ad59b7f0b112278740c232e3b14061f08dd1967945",737280,PPBENCH,bench-nds-hw-arm-backport-combined,overall_pass,1,1,1,1,1,0,0,8c4d9050,1
"desmume","physics-itcm",1,124,"aa7c100d934fca5a17ff4ed78ea3290d0c3d7209c891c48c0cb5162f33eeb846",739328,PPBENCH,bench-nds-hw-arm-physics-itcm,benchmark_started,1,1,1,1,1,0,0,00000000,1
"desmume","physics-itcm",1,124,"aa7c100d934fca5a17ff4ed78ea3290d0c3d7209c891c48c0cb5162f33eeb846",739328,PPBENCH,bench-nds-hw-arm-physics-itcm,file_output_ready,1,0,0,0,0,0,0,00000000,1
"desmume","physics-itcm",1,124,"aa7c100d934fca5a17ff4ed78ea3290d0c3d7209c891c48c0cb5162f33eeb846",739328,PPBENCH,bench-nds-hw-arm-physics-itcm,timer_read_overhead_ticks,1,14,14,14,14,0,0,00000000,1
"desmume","physics-itcm",1,124,"aa7c100d934fca5a17ff4ed78ea3290d0c3d7209c891c48c0cb5162f33eeb846",739328,PPBENCH,bench-nds-hw-arm-physics-itcm,scene_things_created,1,27,27,27,27,0,0,d8635f64,1
"desmume","physics-itcm",1,124,"aa7c100d934fca5a17ff4ed78ea3290d0c3d7209c891c48c0cb5162f33eeb846",739328,PPBENCH,bench-nds-hw-arm-physics-itcm,scene_position_sum_x,1,2995,2995,2995,2995,0,0,d8635f64,1
"desmume","physics-itcm",1,124,"aa7c100d934fca5a17ff4ed78ea3290d0c3d7209c891c48c0cb5162f33eeb846",739328,PPBENCH,bench-nds-hw-arm-physics-itcm,scene_position_sum_y,1,1943,1943,1943,1943,0,0,d8635f64,1
"desmume","physics-itcm",1,124,"aa7c100d934fca5a17ff4ed78ea3290d0c3d7209c891c48c0cb5162f33eeb846",739328,PPBENCH,bench-nds-hw-arm-physics-itcm,hit_test_heap_delta_bytes,1,0,0,0,0,0,0,d82df0ac,1
"desmume","physics-itcm",1,124,"aa7c100d934fca5a17ff4ed78ea3290d0c3d7209c891c48c0cb5162f33eeb846",739328,PPBENCH,bench-nds-hw-arm-physics-itcm,touch_create_and_drag,225,2471041,10982,99,151596,0,0,d8635f64,1
"desmume","physics-itcm",1,124,"aa7c100d934fca5a17ff4ed78ea3290d0c3d7209c891c48c0cb5162f33eeb846",739328,PPBENCH,bench-nds-hw-arm-physics-itcm,hit_test,600,1092738,1821,1341,4424,0,0,d82df0ac,1
"desmume","physics-itcm",1,124,"aa7c100d934fca5a17ff4ed78ea3290d0c3d7209c891c48c0cb5162f33eeb846",739328,PPBENCH,bench-nds-hw-arm-physics-itcm,physics_step,240,48439157,201829,150086,295837,558566,0,8c4d9050,1
"desmume","physics-itcm",1,124,"aa7c100d934fca5a17ff4ed78ea3290d0c3d7209c891c48c0cb5162f33eeb846",739328,PPBENCH,bench-nds-hw-arm-physics-itcm,render_frame,240,84999260,354163,41547,408707,558566,0,8c4d9050,1
"desmume","physics-itcm",1,124,"aa7c100d934fca5a17ff4ed78ea3290d0c3d7209c891c48c0cb5162f33eeb846",739328,PPBENCH,bench-nds-hw-arm-physics-itcm,render_begin,240,244320,1018,1018,1018,558566,0,8c4d9050,1
"desmume","physics-itcm",1,124,"aa7c100d934fca5a17ff4ed78ea3290d0c3d7209c891c48c0cb5162f33eeb846",739328,PPBENCH,bench-nds-hw-arm-physics-itcm,render_canvas,240,84647307,352697,40080,407240,558566,0,8c4d9050,1
"desmume","physics-itcm",1,124,"aa7c100d934fca5a17ff4ed78ea3290d0c3d7209c891c48c0cb5162f33eeb846",739328,PPBENCH,bench-nds-hw-arm-physics-itcm,render_end,240,31317,130,130,131,558566,0,8c4d9050,1
"desmume","physics-itcm",1,124,"aa7c100d934fca5a17ff4ed78ea3290d0c3d7209c891c48c0cb5162f33eeb846",739328,PPBENCH,bench-nds-hw-arm-physics-itcm,frame_total,240,133581497,556589,197469,559381,558566,228,8c4d9050,1
"desmume","physics-itcm",1,124,"aa7c100d934fca5a17ff4ed78ea3290d0c3d7209c891c48c0cb5162f33eeb846",739328,PPBENCH,bench-nds-hw-arm-physics-itcm,frame_over_1pct_count,1,0,0,0,0,0,0,8c4d9050,1
"desmume","physics-itcm",1,124,"aa7c100d934fca5a17ff4ed78ea3290d0c3d7209c891c48c0cb5162f33eeb846",739328,PPBENCH,bench-nds-hw-arm-physics-itcm,frame_over_2x_count,1,0,0,0,0,0,0,8c4d9050,1
"desmume","physics-itcm",1,124,"aa7c100d934fca5a17ff4ed78ea3290d0c3d7209c891c48c0cb5162f33eeb846",739328,PPBENCH,bench-nds-hw-arm-physics-itcm,visible_things_rendered,1,5166,5166,5166,5166,0,0,8c4d9050,1
"desmume","physics-itcm",1,124,"aa7c100d934fca5a17ff4ed78ea3290d0c3d7209c891c48c0cb5162f33eeb846",739328,PPBENCH,bench-nds-hw-arm-physics-itcm,line_quads_rendered,1,22549,22549,22549,22549,0,0,8c4d9050,1
"desmume","physics-itcm",1,124,"aa7c100d934fca5a17ff4ed78ea3290d0c3d7209c891c48c0cb5162f33eeb846",739328,PPBENCH,bench-nds-hw-arm-physics-itcm,things_final,1,27,27,27,27,0,0,8c4d9050,1
"desmume","physics-itcm",1,124,"aa7c100d934fca5a17ff4ed78ea3290d0c3d7209c891c48c0cb5162f33eeb846",739328,PPBENCH,bench-nds-hw-arm-physics-itcm,behavior_pass,1,1,1,1,1,0,0,8c4d9050,1
"desmume","physics-itcm",1,124,"aa7c100d934fca5a17ff4ed78ea3290d0c3d7209c891c48c0cb5162f33eeb846",739328,PPBENCH,bench-nds-hw-arm-physics-itcm,hit_test_heap_fixed_pass,1,1,1,1,1,0,0,d82df0ac,1
"desmume","physics-itcm",1,124,"aa7c100d934fca5a17ff4ed78ea3290d0c3d7209c891c48c0cb5162f33eeb846",739328,PPBENCH,bench-nds-hw-arm-physics-itcm,overall_pass,1,1,1,1,1,0,0,8c4d9050,1
"desmume","physics-itcm",2,124,"aa7c100d934fca5a17ff4ed78ea3290d0c3d7209c891c48c0cb5162f33eeb846",739328,PPBENCH,bench-nds-hw-arm-physics-itcm,benchmark_started,1,1,1,1,1,0,0,00000000,1
"desmume","physics-itcm",2,124,"aa7c100d934fca5a17ff4ed78ea3290d0c3d7209c891c48c0cb5162f33eeb846",739328,PPBENCH,bench-nds-hw-arm-physics-itcm,file_output_ready,1,0,0,0,0,0,0,00000000,1
"desmume","physics-itcm",2,124,"aa7c100d934fca5a17ff4ed78ea3290d0c3d7209c891c48c0cb5162f33eeb846",739328,PPBENCH,bench-nds-hw-arm-physics-itcm,timer_read_overhead_ticks,1,14,14,14,14,0,0,00000000,1
"desmume","physics-itcm",2,124,"aa7c100d934fca5a17ff4ed78ea3290d0c3d7209c891c48c0cb5162f33eeb846",739328,PPBENCH,bench-nds-hw-arm-physics-itcm,scene_things_created,1,27,27,27,27,0,0,d8635f64,1
"desmume","physics-itcm",2,124,"aa7c100d934fca5a17ff4ed78ea3290d0c3d7209c891c48c0cb5162f33eeb846",739328,PPBENCH,bench-nds-hw-arm-physics-itcm,scene_position_sum_x,1,2995,2995,2995,2995,0,0,d8635f64,1
"desmume","physics-itcm",2,124,"aa7c100d934fca5a17ff4ed78ea3290d0c3d7209c891c48c0cb5162f33eeb846",739328,PPBENCH,bench-nds-hw-arm-physics-itcm,scene_position_sum_y,1,1943,1943,1943,1943,0,0,d8635f64,1
"desmume","physics-itcm",2,124,"aa7c100d934fca5a17ff4ed78ea3290d0c3d7209c891c48c0cb5162f33eeb846",739328,PPBENCH,bench-nds-hw-arm-physics-itcm,hit_test_heap_delta_bytes,1,0,0,0,0,0,0,d82df0ac,1
"desmume","physics-itcm",2,124,"aa7c100d934fca5a17ff4ed78ea3290d0c3d7209c891c48c0cb5162f33eeb846",739328,PPBENCH,bench-nds-hw-arm-physics-itcm,touch_create_and_drag,225,2471041,10982,99,151596,0,0,d8635f64,1
"desmume","physics-itcm",2,124,"aa7c100d934fca5a17ff4ed78ea3290d0c3d7209c891c48c0cb5162f33eeb846",739328,PPBENCH,bench-nds-hw-arm-physics-itcm,hit_test,600,1092738,1821,1341,4424,0,0,d82df0ac,1
"desmume","physics-itcm",2,124,"aa7c100d934fca5a17ff4ed78ea3290d0c3d7209c891c48c0cb5162f33eeb846",739328,PPBENCH,bench-nds-hw-arm-physics-itcm,physics_step,240,48439157,201829,150086,295837,558566,0,8c4d9050,1
"desmume","physics-itcm",2,124,"aa7c100d934fca5a17ff4ed78ea3290d0c3d7209c891c48c0cb5162f33eeb846",739328,PPBENCH,bench-nds-hw-arm-physics-itcm,render_frame,240,84999260,354163,41547,408707,558566,0,8c4d9050,1
"desmume","physics-itcm",2,124,"aa7c100d934fca5a17ff4ed78ea3290d0c3d7209c891c48c0cb5162f33eeb846",739328,PPBENCH,bench-nds-hw-arm-physics-itcm,render_begin,240,244320,1018,1018,1018,558566,0,8c4d9050,1
"desmume","physics-itcm",2,124,"aa7c100d934fca5a17ff4ed78ea3290d0c3d7209c891c48c0cb5162f33eeb846",739328,PPBENCH,bench-nds-hw-arm-physics-itcm,render_canvas,240,84647307,352697,40080,407240,558566,0,8c4d9050,1
"desmume","physics-itcm",2,124,"aa7c100d934fca5a17ff4ed78ea3290d0c3d7209c891c48c0cb5162f33eeb846",739328,PPBENCH,bench-nds-hw-arm-physics-itcm,render_end,240,31317,130,130,131,558566,0,8c4d9050,1
"desmume","physics-itcm",2,124,"aa7c100d934fca5a17ff4ed78ea3290d0c3d7209c891c48c0cb5162f33eeb846",739328,PPBENCH,bench-nds-hw-arm-physics-itcm,frame_total,240,133581497,556589,197469,559381,558566,228,8c4d9050,1
"desmume","physics-itcm",2,124,"aa7c100d934fca5a17ff4ed78ea3290d0c3d7209c891c48c0cb5162f33eeb846",739328,PPBENCH,bench-nds-hw-arm-physics-itcm,frame_over_1pct_count,1,0,0,0,0,0,0,8c4d9050,1
"desmume","physics-itcm",2,124,"aa7c100d934fca5a17ff4ed78ea3290d0c3d7209c891c48c0cb5162f33eeb846",739328,PPBENCH,bench-nds-hw-arm-physics-itcm,frame_over_2x_count,1,0,0,0,0,0,0,8c4d9050,1
"desmume","physics-itcm",2,124,"aa7c100d934fca5a17ff4ed78ea3290d0c3d7209c891c48c0cb5162f33eeb846",739328,PPBENCH,bench-nds-hw-arm-physics-itcm,visible_things_rendered,1,5166,5166,5166,5166,0,0,8c4d9050,1
"desmume","physics-itcm",2,124,"aa7c100d934fca5a17ff4ed78ea3290d0c3d7209c891c48c0cb5162f33eeb846",739328,PPBENCH,bench-nds-hw-arm-physics-itcm,line_quads_rendered,1,22549,22549,22549,22549,0,0,8c4d9050,1
"desmume","physics-itcm",2,124,"aa7c100d934fca5a17ff4ed78ea3290d0c3d7209c891c48c0cb5162f33eeb846",739328,PPBENCH,bench-nds-hw-arm-physics-itcm,things_final,1,27,27,27,27,0,0,8c4d9050,1
"desmume","physics-itcm",2,124,"aa7c100d934fca5a17ff4ed78ea3290d0c3d7209c891c48c0cb5162f33eeb846",739328,PPBENCH,bench-nds-hw-arm-physics-itcm,behavior_pass,1,1,1,1,1,0,0,8c4d9050,1
"desmume","physics-itcm",2,124,"aa7c100d934fca5a17ff4ed78ea3290d0c3d7209c891c48c0cb5162f33eeb846",739328,PPBENCH,bench-nds-hw-arm-physics-itcm,hit_test_heap_fixed_pass,1,1,1,1,1,0,0,d82df0ac,1
"desmume","physics-itcm",2,124,"aa7c100d934fca5a17ff4ed78ea3290d0c3d7209c891c48c0cb5162f33eeb846",739328,PPBENCH,bench-nds-hw-arm-physics-itcm,overall_pass,1,1,1,1,1,0,0,8c4d9050,1
"desmume","selected",1,124,"bf41a4fe7a7d0876592e0121f67b3d81785b80438ad96761c8bc820f2a944116",737280,PPBENCH,bench-nds-hw-arm-combined-physics-itcm,benchmark_started,1,1,1,1,1,0,0,00000000,1
"desmume","selected",1,124,"bf41a4fe7a7d0876592e0121f67b3d81785b80438ad96761c8bc820f2a944116",737280,PPBENCH,bench-nds-hw-arm-combined-physics-itcm,file_output_ready,1,0,0,0,0,0,0,00000000,1
"desmume","selected",1,124,"bf41a4fe7a7d0876592e0121f67b3d81785b80438ad96761c8bc820f2a944116",737280,PPBENCH,bench-nds-hw-arm-combined-physics-itcm,timer_read_overhead_ticks,1,13,13,13,13,0,0,00000000,1
"desmume","selected",1,124,"bf41a4fe7a7d0876592e0121f67b3d81785b80438ad96761c8bc820f2a944116",737280,PPBENCH,bench-nds-hw-arm-combined-physics-itcm,scene_things_created,1,27,27,27,27,0,0,d8635f64,1
"desmume","selected",1,124,"bf41a4fe7a7d0876592e0121f67b3d81785b80438ad96761c8bc820f2a944116",737280,PPBENCH,bench-nds-hw-arm-combined-physics-itcm,scene_position_sum_x,1,2995,2995,2995,2995,0,0,d8635f64,1
"desmume","selected",1,124,"bf41a4fe7a7d0876592e0121f67b3d81785b80438ad96761c8bc820f2a944116",737280,PPBENCH,bench-nds-hw-arm-combined-physics-itcm,scene_position_sum_y,1,1943,1943,1943,1943,0,0,d8635f64,1
"desmume","selected",1,124,"bf41a4fe7a7d0876592e0121f67b3d81785b80438ad96761c8bc820f2a944116",737280,PPBENCH,bench-nds-hw-arm-combined-physics-itcm,hit_test_heap_delta_bytes,1,0,0,0,0,0,0,d82df0ac,1
"desmume","selected",1,124,"bf41a4fe7a7d0876592e0121f67b3d81785b80438ad96761c8bc820f2a944116",737280,PPBENCH,bench-nds-hw-arm-combined-physics-itcm,touch_create_and_drag,225,2308427,10259,77,140640,0,0,d8635f64,1
"desmume","selected",1,124,"bf41a4fe7a7d0876592e0121f67b3d81785b80438ad96761c8bc820f2a944116",737280,PPBENCH,bench-nds-hw-arm-combined-physics-itcm,hit_test,600,1114754,1857,1341,4142,0,0,d82df0ac,1
"desmume","selected",1,124,"bf41a4fe7a7d0876592e0121f67b3d81785b80438ad96761c8bc820f2a944116",737280,PPBENCH,bench-nds-hw-arm-combined-physics-itcm,physics_step,240,43659128,181913,137383,266238,558566,0,8c4d9050,1
"desmume","selected",1,124,"bf41a4fe7a7d0876592e0121f67b3d81785b80438ad96761c8bc820f2a944116",737280,PPBENCH,bench-nds-hw-arm-combined-physics-itcm,render_frame,240,89727231,373863,41643,421370,558566,0,8c4d9050,1
"desmume","selected",1,124,"bf41a4fe7a7d0876592e0121f67b3d81785b80438ad96761c8bc820f2a944116",737280,PPBENCH,bench-nds-hw-arm-combined-physics-itcm,render_begin,240,239877,999,999,1000,558566,0,8c4d9050,1
"desmume","selected",1,124,"bf41a4fe7a7d0876592e0121f67b3d81785b80438ad96761c8bc820f2a944116",737280,PPBENCH,bench-nds-hw-arm-combined-physics-itcm,render_canvas,240,89381387,372422,40202,419930,558566,0,8c4d9050,1
"desmume","selected",1,124,"bf41a4fe7a7d0876592e0121f67b3d81785b80438ad96761c8bc820f2a944116",737280,PPBENCH,bench-nds-hw-arm-combined-physics-itcm,render_end,240,19920,83,83,83,558566,0,8c4d9050,1
"desmume","selected",1,124,"bf41a4fe7a7d0876592e0121f67b3d81785b80438ad96761c8bc820f2a944116",737280,PPBENCH,bench-nds-hw-arm-combined-physics-itcm,frame_total,240,133529334,556372,180056,559398,558566,228,8c4d9050,1
"desmume","selected",1,124,"bf41a4fe7a7d0876592e0121f67b3d81785b80438ad96761c8bc820f2a944116",737280,PPBENCH,bench-nds-hw-arm-combined-physics-itcm,frame_over_1pct_count,1,0,0,0,0,0,0,8c4d9050,1
"desmume","selected",1,124,"bf41a4fe7a7d0876592e0121f67b3d81785b80438ad96761c8bc820f2a944116",737280,PPBENCH,bench-nds-hw-arm-combined-physics-itcm,frame_over_2x_count,1,0,0,0,0,0,0,8c4d9050,1
"desmume","selected",1,124,"bf41a4fe7a7d0876592e0121f67b3d81785b80438ad96761c8bc820f2a944116",737280,PPBENCH,bench-nds-hw-arm-combined-physics-itcm,visible_things_rendered,1,5166,5166,5166,5166,0,0,8c4d9050,1
"desmume","selected",1,124,"bf41a4fe7a7d0876592e0121f67b3d81785b80438ad96761c8bc820f2a944116",737280,PPBENCH,bench-nds-hw-arm-combined-physics-itcm,line_quads_rendered,1,22549,22549,22549,22549,0,0,8c4d9050,1
"desmume","selected",1,124,"bf41a4fe7a7d0876592e0121f67b3d81785b80438ad96761c8bc820f2a944116",737280,PPBENCH,bench-nds-hw-arm-combined-physics-itcm,things_final,1,27,27,27,27,0,0,8c4d9050,1
"desmume","selected",1,124,"bf41a4fe7a7d0876592e0121f67b3d81785b80438ad96761c8bc820f2a944116",737280,PPBENCH,bench-nds-hw-arm-combined-physics-itcm,behavior_pass,1,1,1,1,1,0,0,8c4d9050,1
"desmume","selected",1,124,"bf41a4fe7a7d0876592e0121f67b3d81785b80438ad96761c8bc820f2a944116",737280,PPBENCH,bench-nds-hw-arm-combined-physics-itcm,hit_test_heap_fixed_pass,1,1,1,1,1,0,0,d82df0ac,1
"desmume","selected",1,124,"bf41a4fe7a7d0876592e0121f67b3d81785b80438ad96761c8bc820f2a944116",737280,PPBENCH,bench-nds-hw-arm-combined-physics-itcm,overall_pass,1,1,1,1,1,0,0,8c4d9050,1
"desmume","selected",2,124,"bf41a4fe7a7d0876592e0121f67b3d81785b80438ad96761c8bc820f2a944116",737280,PPBENCH,bench-nds-hw-arm-combined-physics-itcm,benchmark_started,1,1,1,1,1,0,0,00000000,1
"desmume","selected",2,124,"bf41a4fe7a7d0876592e0121f67b3d81785b80438ad96761c8bc820f2a944116",737280,PPBENCH,bench-nds-hw-arm-combined-physics-itcm,file_output_ready,1,0,0,0,0,0,0,00000000,1
"desmume","selected",2,124,"bf41a4fe7a7d0876592e0121f67b3d81785b80438ad96761c8bc820f2a944116",737280,PPBENCH,bench-nds-hw-arm-combined-physics-itcm,timer_read_overhead_ticks,1,13,13,13,13,0,0,00000000,1
"desmume","selected",2,124,"bf41a4fe7a7d0876592e0121f67b3d81785b80438ad96761c8bc820f2a944116",737280,PPBENCH,bench-nds-hw-arm-combined-physics-itcm,scene_things_created,1,27,27,27,27,0,0,d8635f64,1
"desmume","selected",2,124,"bf41a4fe7a7d0876592e0121f67b3d81785b80438ad96761c8bc820f2a944116",737280,PPBENCH,bench-nds-hw-arm-combined-physics-itcm,scene_position_sum_x,1,2995,2995,2995,2995,0,0,d8635f64,1
"desmume","selected",2,124,"bf41a4fe7a7d0876592e0121f67b3d81785b80438ad96761c8bc820f2a944116",737280,PPBENCH,bench-nds-hw-arm-combined-physics-itcm,scene_position_sum_y,1,1943,1943,1943,1943,0,0,d8635f64,1
"desmume","selected",2,124,"bf41a4fe7a7d0876592e0121f67b3d81785b80438ad96761c8bc820f2a944116",737280,PPBENCH,bench-nds-hw-arm-combined-physics-itcm,hit_test_heap_delta_bytes,1,0,0,0,0,0,0,d82df0ac,1
"desmume","selected",2,124,"bf41a4fe7a7d0876592e0121f67b3d81785b80438ad96761c8bc820f2a944116",737280,PPBENCH,bench-nds-hw-arm-combined-physics-itcm,touch_create_and_drag,225,2308427,10259,77,140640,0,0,d8635f64,1
"desmume","selected",2,124,"bf41a4fe7a7d0876592e0121f67b3d81785b80438ad96761c8bc820f2a944116",737280,PPBENCH,bench-nds-hw-arm-combined-physics-itcm,hit_test,600,1114754,1857,1341,4142,0,0,d82df0ac,1
"desmume","selected",2,124,"bf41a4fe7a7d0876592e0121f67b3d81785b80438ad96761c8bc820f2a944116",737280,PPBENCH,bench-nds-hw-arm-combined-physics-itcm,physics_step,240,43659128,181913,137383,266238,558566,0,8c4d9050,1
"desmume","selected",2,124,"bf41a4fe7a7d0876592e0121f67b3d81785b80438ad96761c8bc820f2a944116",737280,PPBENCH,bench-nds-hw-arm-combined-physics-itcm,render_frame,240,89727231,373863,41643,421370,558566,0,8c4d9050,1
"desmume","selected",2,124,"bf41a4fe7a7d0876592e0121f67b3d81785b80438ad96761c8bc820f2a944116",737280,PPBENCH,bench-nds-hw-arm-combined-physics-itcm,render_begin,240,239877,999,999,1000,558566,0,8c4d9050,1
"desmume","selected",2,124,"bf41a4fe7a7d0876592e0121f67b3d81785b80438ad96761c8bc820f2a944116",737280,PPBENCH,bench-nds-hw-arm-combined-physics-itcm,render_canvas,240,89381387,372422,40202,419930,558566,0,8c4d9050,1
"desmume","selected",2,124,"bf41a4fe7a7d0876592e0121f67b3d81785b80438ad96761c8bc820f2a944116",737280,PPBENCH,bench-nds-hw-arm-combined-physics-itcm,render_end,240,19920,83,83,83,558566,0,8c4d9050,1
"desmume","selected",2,124,"bf41a4fe7a7d0876592e0121f67b3d81785b80438ad96761c8bc820f2a944116",737280,PPBENCH,bench-nds-hw-arm-combined-physics-itcm,frame_total,240,133529334,556372,180056,559398,558566,228,8c4d9050,1
"desmume","selected",2,124,"bf41a4fe7a7d0876592e0121f67b3d81785b80438ad96761c8bc820f2a944116",737280,PPBENCH,bench-nds-hw-arm-combined-physics-itcm,frame_over_1pct_count,1,0,0,0,0,0,0,8c4d9050,1
"desmume","selected",2,124,"bf41a4fe7a7d0876592e0121f67b3d81785b80438ad96761c8bc820f2a944116",737280,PPBENCH,bench-nds-hw-arm-combined-physics-itcm,frame_over_2x_count,1,0,0,0,0,0,0,8c4d9050,1
"desmume","selected",2,124,"bf41a4fe7a7d0876592e0121f67b3d81785b80438ad96761c8bc820f2a944116",737280,PPBENCH,bench-nds-hw-arm-combined-physics-itcm,visible_things_rendered,1,5166,5166,5166,5166,0,0,8c4d9050,1
"desmume","selected",2,124,"bf41a4fe7a7d0876592e0121f67b3d81785b80438ad96761c8bc820f2a944116",737280,PPBENCH,bench-nds-hw-arm-combined-physics-itcm,line_quads_rendered,1,22549,22549,22549,22549,0,0,8c4d9050,1
"desmume","selected",2,124,"bf41a4fe7a7d0876592e0121f67b3d81785b80438ad96761c8bc820f2a944116",737280,PPBENCH,bench-nds-hw-arm-combined-physics-itcm,things_final,1,27,27,27,27,0,0,8c4d9050,1
"desmume","selected",2,124,"bf41a4fe7a7d0876592e0121f67b3d81785b80438ad96761c8bc820f2a944116",737280,PPBENCH,bench-nds-hw-arm-combined-physics-itcm,behavior_pass,1,1,1,1,1,0,0,8c4d9050,1
"desmume","selected",2,124,"bf41a4fe7a7d0876592e0121f67b3d81785b80438ad96761c8bc820f2a944116",737280,PPBENCH,bench-nds-hw-arm-combined-physics-itcm,hit_test_heap_fixed_pass,1,1,1,1,1,0,0,d82df0ac,1
"desmume","selected",2,124,"bf41a4fe7a7d0876592e0121f67b3d81785b80438ad96761c8bc820f2a944116",737280,PPBENCH,bench-nds-hw-arm-combined-physics-itcm,overall_pass,1,1,1,1,1,0,0,8c4d9050,1
