emulator,label,iteration,status,rom_sha256,rom_size_bytes,tag,build,metric,count,total_ticks,mean_ticks,min_ticks,max_ticks,budget_ticks,over_budget,checksum,pass
"melonds","software-control",1,124,"84bd6ae153c5d7dc4fd47b5b3fdd33cb3c940d32843532983b2d16b23713f77c",749568,PPBENCH,bench-improved-lto,benchmark_started,1,1,1,1,1,0,0,00000000,1
"melonds","software-control",1,124,"84bd6ae153c5d7dc4fd47b5b3fdd33cb3c940d32843532983b2d16b23713f77c",749568,PPBENCH,bench-improved-lto,file_output_ready,1,0,0,0,0,0,0,00000000,1
"melonds","software-control",1,124,"84bd6ae153c5d7dc4fd47b5b3fdd33cb3c940d32843532983b2d16b23713f77c",749568,PPBENCH,bench-improved-lto,timer_read_overhead_ticks,1,15,15,15,15,0,0,00000000,1
"melonds","software-control",1,124,"84bd6ae153c5d7dc4fd47b5b3fdd33cb3c940d32843532983b2d16b23713f77c",749568,PPBENCH,bench-improved-lto,scene_things_created,1,27,27,27,27,0,0,d8635f64,1
"melonds","software-control",1,124,"84bd6ae153c5d7dc4fd47b5b3fdd33cb3c940d32843532983b2d16b23713f77c",749568,PPBENCH,bench-improved-lto,scene_position_sum_x,1,2995,2995,2995,2995,0,0,d8635f64,1
"melonds","software-control",1,124,"84bd6ae153c5d7dc4fd47b5b3fdd33cb3c940d32843532983b2d16b23713f77c",749568,PPBENCH,bench-improved-lto,scene_position_sum_y,1,1943,1943,1943,1943,0,0,d8635f64,1
"melonds","software-control",1,124,"84bd6ae153c5d7dc4fd47b5b3fdd33cb3c940d32843532983b2d16b23713f77c",749568,PPBENCH,bench-improved-lto,hit_test_heap_delta_bytes,1,0,0,0,0,0,0,d82df0ac,1
"melonds","software-control",1,124,"84bd6ae153c5d7dc4fd47b5b3fdd33cb3c940d32843532983b2d16b23713f77c",749568,PPBENCH,bench-improved-lto,touch_create_and_drag,225,2072298,9210,28,159409,0,0,d8635f64,1
"melonds","software-control",1,124,"84bd6ae153c5d7dc4fd47b5b3fdd33cb3c940d32843532983b2d16b23713f77c",749568,PPBENCH,bench-improved-lto,hit_test,600,829145,1381,1018,2816,0,0,d82df0ac,1
"melonds","software-control",1,124,"84bd6ae153c5d7dc4fd47b5b3fdd33cb3c940d32843532983b2d16b23713f77c",749568,PPBENCH,bench-improved-lto,physics_step,240,100118441,417160,255366,866896,558566,57,f49066a8,1
"melonds","software-control",1,124,"84bd6ae153c5d7dc4fd47b5b3fdd33cb3c940d32843532983b2d16b23713f77c",749568,PPBENCH,bench-improved-lto,render_frame,240,44159068,183996,52628,304358,558566,0,f49066a8,1
"melonds","software-control",1,124,"84bd6ae153c5d7dc4fd47b5b3fdd33cb3c940d32843532983b2d16b23713f77c",749568,PPBENCH,bench-improved-lto,render_begin,240,128880,537,537,537,558566,0,f49066a8,1
"melonds","software-control",1,124,"84bd6ae153c5d7dc4fd47b5b3fdd33cb3c940d32843532983b2d16b23713f77c",749568,PPBENCH,bench-improved-lto,render_canvas,240,44002828,183345,51977,303707,558566,0,f49066a8,1
"melonds","software-control",1,124,"84bd6ae153c5d7dc4fd47b5b3fdd33cb3c940d32843532983b2d16b23713f77c",749568,PPBENCH,bench-improved-lto,render_end,240,8400,35,35,35,558566,0,f49066a8,1
"melonds","software-control",1,124,"84bd6ae153c5d7dc4fd47b5b3fdd33cb3c940d32843532983b2d16b23713f77c",749568,PPBENCH,bench-improved-lto,frame_total,240,144306844,601278,350973,934363,558566,219,f49066a8,1
"melonds","software-control",1,124,"84bd6ae153c5d7dc4fd47b5b3fdd33cb3c940d32843532983b2d16b23713f77c",749568,PPBENCH,bench-improved-lto,frame_over_1pct_count,1,71,71,71,71,0,0,f49066a8,0
"melonds","software-control",1,124,"84bd6ae153c5d7dc4fd47b5b3fdd33cb3c940d32843532983b2d16b23713f77c",749568,PPBENCH,bench-improved-lto,frame_over_2x_count,1,0,0,0,0,0,0,f49066a8,1
"melonds","software-control",1,124,"84bd6ae153c5d7dc4fd47b5b3fdd33cb3c940d32843532983b2d16b23713f77c",749568,PPBENCH,bench-improved-lto,visible_things_rendered,1,5152,5152,5152,5152,0,0,f49066a8,1
"melonds","software-control",1,124,"84bd6ae153c5d7dc4fd47b5b3fdd33cb3c940d32843532983b2d16b23713f77c",749568,PPBENCH,bench-improved-lto,line_quads_rendered,1,22488,22488,22488,22488,0,0,f49066a8,1
"melonds","software-control",1,124,"84bd6ae153c5d7dc4fd47b5b3fdd33cb3c940d32843532983b2d16b23713f77c",749568,PPBENCH,bench-improved-lto,things_final,1,27,27,27,27,0,0,f49066a8,1
"melonds","software-control",1,124,"84bd6ae153c5d7dc4fd47b5b3fdd33cb3c940d32843532983b2d16b23713f77c",749568,PPBENCH,bench-improved-lto,behavior_pass,1,1,1,1,1,0,0,f49066a8,1
"melonds","software-control",1,124,"84bd6ae153c5d7dc4fd47b5b3fdd33cb3c940d32843532983b2d16b23713f77c",749568,PPBENCH,bench-improved-lto,hit_test_heap_fixed_pass,1,1,1,1,1,0,0,d82df0ac,1
"melonds","software-control",1,124,"84bd6ae153c5d7dc4fd47b5b3fdd33cb3c940d32843532983b2d16b23713f77c",749568,PPBENCH,bench-improved-lto,overall_pass,1,1,1,1,1,0,0,f49066a8,1
"melonds","software-control",2,124,"84bd6ae153c5d7dc4fd47b5b3fdd33cb3c940d32843532983b2d16b23713f77c",749568,PPBENCH,bench-improved-lto,benchmark_started,1,1,1,1,1,0,0,00000000,1
"melonds","software-control",2,124,"84bd6ae153c5d7dc4fd47b5b3fdd33cb3c940d32843532983b2d16b23713f77c",749568,PPBENCH,bench-improved-lto,file_output_ready,1,0,0,0,0,0,0,00000000,1
"melonds","software-control",2,124,"84bd6ae153c5d7dc4fd47b5b3fdd33cb3c940d32843532983b2d16b23713f77c",749568,PPBENCH,bench-improved-lto,timer_read_overhead_ticks,1,15,15,15,15,0,0,00000000,1
"melonds","software-control",2,124,"84bd6ae153c5d7dc4fd47b5b3fdd33cb3c940d32843532983b2d16b23713f77c",749568,PPBENCH,bench-improved-lto,scene_things_created,1,27,27,27,27,0,0,d8635f64,1
"melonds","software-control",2,124,"84bd6ae153c5d7dc4fd47b5b3fdd33cb3c940d32843532983b2d16b23713f77c",749568,PPBENCH,bench-improved-lto,scene_position_sum_x,1,2995,2995,2995,2995,0,0,d8635f64,1
"melonds","software-control",2,124,"84bd6ae153c5d7dc4fd47b5b3fdd33cb3c940d32843532983b2d16b23713f77c",749568,PPBENCH,bench-improved-lto,scene_position_sum_y,1,1943,1943,1943,1943,0,0,d8635f64,1
"melonds","software-control",2,124,"84bd6ae153c5d7dc4fd47b5b3fdd33cb3c940d32843532983b2d16b23713f77c",749568,PPBENCH,bench-improved-lto,hit_test_heap_delta_bytes,1,0,0,0,0,0,0,d82df0ac,1
"melonds","software-control",2,124,"84bd6ae153c5d7dc4fd47b5b3fdd33cb3c940d32843532983b2d16b23713f77c",749568,PPBENCH,bench-improved-lto,touch_create_and_drag,225,2072298,9210,28,159409,0,0,d8635f64,1
"melonds","software-control",2,124,"84bd6ae153c5d7dc4fd47b5b3fdd33cb3c940d32843532983b2d16b23713f77c",749568,PPBENCH,bench-improved-lto,hit_test,600,829145,1381,1018,2816,0,0,d82df0ac,1
"melonds","software-control",2,124,"84bd6ae153c5d7dc4fd47b5b3fdd33cb3c940d32843532983b2d16b23713f77c",749568,PPBENCH,bench-improved-lto,physics_step,240,100118441,417160,255366,866896,558566,57,f49066a8,1
"melonds","software-control",2,124,"84bd6ae153c5d7dc4fd47b5b3fdd33cb3c940d32843532983b2d16b23713f77c",749568,PPBENCH,bench-improved-lto,render_frame,240,44159068,183996,52628,304358,558566,0,f49066a8,1
"melonds","software-control",2,124,"84bd6ae153c5d7dc4fd47b5b3fdd33cb3c940d32843532983b2d16b23713f77c",749568,PPBENCH,bench-improved-lto,render_begin,240,128880,537,537,537,558566,0,f49066a8,1
"melonds","software-control",2,124,"84bd6ae153c5d7dc4fd47b5b3fdd33cb3c940d32843532983b2d16b23713f77c",749568,PPBENCH,bench-improved-lto,render_canvas,240,44002828,183345,51977,303707,558566,0,f49066a8,1
"melonds","software-control",2,124,"84bd6ae153c5d7dc4fd47b5b3fdd33cb3c940d32843532983b2d16b23713f77c",749568,PPBENCH,bench-improved-lto,render_end,240,8400,35,35,35,558566,0,f49066a8,1
"melonds","software-control",2,124,"84bd6ae153c5d7dc4fd47b5b3fdd33cb3c940d32843532983b2d16b23713f77c",749568,PPBENCH,bench-improved-lto,frame_total,240,144306844,601278,350973,934363,558566,219,f49066a8,1
"melonds","software-control",2,124,"84bd6ae153c5d7dc4fd47b5b3fdd33cb3c940d32843532983b2d16b23713f77c",749568,PPBENCH,bench-improved-lto,frame_over_1pct_count,1,71,71,71,71,0,0,f49066a8,0
"melonds","software-control",2,124,"84bd6ae153c5d7dc4fd47b5b3fdd33cb3c940d32843532983b2d16b23713f77c",749568,PPBENCH,bench-improved-lto,frame_over_2x_count,1,0,0,0,0,0,0,f49066a8,1
"melonds","software-control",2,124,"84bd6ae153c5d7dc4fd47b5b3fdd33cb3c940d32843532983b2d16b23713f77c",749568,PPBENCH,bench-improved-lto,visible_things_rendered,1,5152,5152,5152,5152,0,0,f49066a8,1
"melonds","software-control",2,124,"84bd6ae153c5d7dc4fd47b5b3fdd33cb3c940d32843532983b2d16b23713f77c",749568,PPBENCH,bench-improved-lto,line_quads_rendered,1,22488,22488,22488,22488,0,0,f49066a8,1
"melonds","software-control",2,124,"84bd6ae153c5d7dc4fd47b5b3fdd33cb3c940d32843532983b2d16b23713f77c",749568,PPBENCH,bench-improved-lto,things_final,1,27,27,27,27,0,0,f49066a8,1
"melonds","software-control",2,124,"84bd6ae153c5d7dc4fd47b5b3fdd33cb3c940d32843532983b2d16b23713f77c",749568,PPBENCH,bench-improved-lto,behavior_pass,1,1,1,1,1,0,0,f49066a8,1
"melonds","software-control",2,124,"84bd6ae153c5d7dc4fd47b5b3fdd33cb3c940d32843532983b2d16b23713f77c",749568,PPBENCH,bench-improved-lto,hit_test_heap_fixed_pass,1,1,1,1,1,0,0,d82df0ac,1
"melonds","software-control",2,124,"84bd6ae153c5d7dc4fd47b5b3fdd33cb3c940d32843532983b2d16b23713f77c",749568,PPBENCH,bench-improved-lto,overall_pass,1,1,1,1,1,0,0,f49066a8,1
"melonds","ds-arm",1,124,"51040774ae143c279ae8dd102183e191b54fca2f5f5afe8734d365f85ad0e888",739328,PPBENCH,bench-nds-hw-arm,benchmark_started,1,1,1,1,1,0,0,00000000,1
"melonds","ds-arm",1,124,"51040774ae143c279ae8dd102183e191b54fca2f5f5afe8734d365f85ad0e888",739328,PPBENCH,bench-nds-hw-arm,file_output_ready,1,0,0,0,0,0,0,00000000,1
"melonds","ds-arm",1,124,"51040774ae143c279ae8dd102183e191b54fca2f5f5afe8734d365f85ad0e888",739328,PPBENCH,bench-nds-hw-arm,timer_read_overhead_ticks,1,14,14,14,14,0,0,00000000,1
"melonds","ds-arm",1,124,"51040774ae143c279ae8dd102183e191b54fca2f5f5afe8734d365f85ad0e888",739328,PPBENCH,bench-nds-hw-arm,scene_things_created,1,27,27,27,27,0,0,d8635f64,1
"melonds","ds-arm",1,124,"51040774ae143c279ae8dd102183e191b54fca2f5f5afe8734d365f85ad0e888",739328,PPBENCH,bench-nds-hw-arm,scene_position_sum_x,1,2995,2995,2995,2995,0,0,d8635f64,1
"melonds","ds-arm",1,124,"51040774ae143c279ae8dd102183e191b54fca2f5f5afe8734d365f85ad0e888",739328,PPBENCH,bench-nds-hw-arm,scene_position_sum_y,1,1943,1943,1943,1943,0,0,d8635f64,1
"melonds","ds-arm",1,124,"51040774ae143c279ae8dd102183e191b54fca2f5f5afe8734d365f85ad0e888",739328,PPBENCH,bench-nds-hw-arm,hit_test_heap_delta_bytes,1,0,0,0,0,0,0,d82df0ac,1
"melonds","ds-arm",1,124,"51040774ae143c279ae8dd102183e191b54fca2f5f5afe8734d365f85ad0e888",739328,PPBENCH,bench-nds-hw-arm,touch_create_and_drag,225,1487529,6611,28,103173,0,0,d8635f64,1
"melonds","ds-arm",1,124,"51040774ae143c279ae8dd102183e191b54fca2f5f5afe8734d365f85ad0e888",739328,PPBENCH,bench-nds-hw-arm,hit_test,600,947567,1579,1236,3180,0,0,d82df0ac,1
"melonds","ds-arm",1,124,"51040774ae143c279ae8dd102183e191b54fca2f5f5afe8734d365f85ad0e888",739328,PPBENCH,bench-nds-hw-arm,physics_step,240,31246177,130192,99382,191648,558566,0,8c4d9050,1
"melonds","ds-arm",1,124,"51040774ae143c279ae8dd102183e191b54fca2f5f5afe8734d365f85ad0e888",739328,PPBENCH,bench-nds-hw-arm,render_frame,240,102283417,426180,36380,460262,558566,0,8c4d9050,1
"melonds","ds-arm",1,124,"51040774ae143c279ae8dd102183e191b54fca2f5f5afe8734d365f85ad0e888",739328,PPBENCH,bench-nds-hw-arm,render_begin,240,126349,526,526,527,558566,0,8c4d9050,1
"melonds","ds-arm",1,124,"51040774ae143c279ae8dd102183e191b54fca2f5f5afe8734d365f85ad0e888",739328,PPBENCH,bench-nds-hw-arm,render_canvas,240,102129228,425538,35738,459620,558566,0,8c4d9050,1
"melonds","ds-arm",1,124,"51040774ae143c279ae8dd102183e191b54fca2f5f5afe8734d365f85ad0e888",739328,PPBENCH,bench-nds-hw-arm,render_end,240,8640,36,36,36,558566,0,8c4d9050,1
"melonds","ds-arm",1,124,"51040774ae143c279ae8dd102183e191b54fca2f5f5afe8734d365f85ad0e888",739328,PPBENCH,bench-nds-hw-arm,frame_total,240,133564664,556519,142494,559842,558566,229,8c4d9050,1
"melonds","ds-arm",1,124,"51040774ae143c279ae8dd102183e191b54fca2f5f5afe8734d365f85ad0e888",739328,PPBENCH,bench-nds-hw-arm,frame_over_1pct_count,1,0,0,0,0,0,0,8c4d9050,1
"melonds","ds-arm",1,124,"51040774ae143c279ae8dd102183e191b54fca2f5f5afe8734d365f85ad0e888",739328,PPBENCH,bench-nds-hw-arm,frame_over_2x_count,1,0,0,0,0,0,0,8c4d9050,1
"melonds","ds-arm",1,124,"51040774ae143c279ae8dd102183e191b54fca2f5f5afe8734d365f85ad0e888",739328,PPBENCH,bench-nds-hw-arm,visible_things_rendered,1,5166,5166,5166,5166,0,0,8c4d9050,1
"melonds","ds-arm",1,124,"51040774ae143c279ae8dd102183e191b54fca2f5f5afe8734d365f85ad0e888",739328,PPBENCH,bench-nds-hw-arm,line_quads_rendered,1,22549,22549,22549,22549,0,0,8c4d9050,1
"melonds","ds-arm",1,124,"51040774ae143c279ae8dd102183e191b54fca2f5f5afe8734d365f85ad0e888",739328,PPBENCH,bench-nds-hw-arm,things_final,1,27,27,27,27,0,0,8c4d9050,1
"melonds","ds-arm",1,124,"51040774ae143c279ae8dd102183e191b54fca2f5f5afe8734d365f85ad0e888",739328,PPBENCH,bench-nds-hw-arm,behavior_pass,1,1,1,1,1,0,0,8c4d9050,1
"melonds","ds-arm",1,124,"51040774ae143c279ae8dd102183e191b54fca2f5f5afe8734d365f85ad0e888",739328,PPBENCH,bench-nds-hw-arm,hit_test_heap_fixed_pass,1,1,1,1,1,0,0,d82df0ac,1
"melonds","ds-arm",1,124,"51040774ae143c279ae8dd102183e191b54fca2f5f5afe8734d365f85ad0e888",739328,PPBENCH,bench-nds-hw-arm,overall_pass,1,1,1,1,1,0,0,8c4d9050,1
"melonds","ds-arm",2,124,"51040774ae143c279ae8dd102183e191b54fca2f5f5afe8734d365f85ad0e888",739328,PPBENCH,bench-nds-hw-arm,benchmark_started,1,1,1,1,1,0,0,00000000,1
"melonds","ds-arm",2,124,"51040774ae143c279ae8dd102183e191b54fca2f5f5afe8734d365f85ad0e888",739328,PPBENCH,bench-nds-hw-arm,file_output_ready,1,0,0,0,0,0,0,00000000,1
"melonds","ds-arm",2,124,"51040774ae143c279ae8dd102183e191b54fca2f5f5afe8734d365f85ad0e888",739328,PPBENCH,bench-nds-hw-arm,timer_read_overhead_ticks,1,14,14,14,14,0,0,00000000,1
"melonds","ds-arm",2,124,"51040774ae143c279ae8dd102183e191b54fca2f5f5afe8734d365f85ad0e888",739328,PPBENCH,bench-nds-hw-arm,scene_things_created,1,27,27,27,27,0,0,d8635f64,1
"melonds","ds-arm",2,124,"51040774ae143c279ae8dd102183e191b54fca2f5f5afe8734d365f85ad0e888",739328,PPBENCH,bench-nds-hw-arm,scene_position_sum_x,1,2995,2995,2995,2995,0,0,d8635f64,1
"melonds","ds-arm",2,124,"51040774ae143c279ae8dd102183e191b54fca2f5f5afe8734d365f85ad0e888",739328,PPBENCH,bench-nds-hw-arm,scene_position_sum_y,1,1943,1943,1943,1943,0,0,d8635f64,1
"melonds","ds-arm",2,124,"51040774ae143c279ae8dd102183e191b54fca2f5f5afe8734d365f85ad0e888",739328,PPBENCH,bench-nds-hw-arm,hit_test_heap_delta_bytes,1,0,0,0,0,0,0,d82df0ac,1
"melonds","ds-arm",2,124,"51040774ae143c279ae8dd102183e191b54fca2f5f5afe8734d365f85ad0e888",739328,PPBENCH,bench-nds-hw-arm,touch_create_and_drag,225,1487529,6611,28,103173,0,0,d8635f64,1
"melonds","ds-arm",2,124,"51040774ae143c279ae8dd102183e191b54fca2f5f5afe8734d365f85ad0e888",739328,PPBENCH,bench-nds-hw-arm,hit_test,600,947567,1579,1236,3180,0,0,d82df0ac,1
"melonds","ds-arm",2,124,"51040774ae143c279ae8dd102183e191b54fca2f5f5afe8734d365f85ad0e888",739328,PPBENCH,bench-nds-hw-arm,physics_step,240,31246177,130192,99382,191648,558566,0,8c4d9050,1
"melonds","ds-arm",2,124,"51040774ae143c279ae8dd102183e191b54fca2f5f5afe8734d365f85ad0e888",739328,PPBENCH,bench-nds-hw-arm,render_frame,240,102283417,426180,36380,460262,558566,0,8c4d9050,1
"melonds","ds-arm",2,124,"51040774ae143c279ae8dd102183e191b54fca2f5f5afe8734d365f85ad0e888",739328,PPBENCH,bench-nds-hw-arm,render_begin,240,126349,526,526,527,558566,0,8c4d9050,1
"melonds","ds-arm",2,124,"51040774ae143c279ae8dd102183e191b54fca2f5f5afe8734d365f85ad0e888",739328,PPBENCH,bench-nds-hw-arm,render_canvas,240,102129228,425538,35738,459620,558566,0,8c4d9050,1
"melonds","ds-arm",2,124,"51040774ae143c279ae8dd102183e191b54fca2f5f5afe8734d365f85ad0e888",739328,PPBENCH,bench-nds-hw-arm,render_end,240,8640,36,36,36,558566,0,8c4d9050,1
"melonds","ds-arm",2,124,"51040774ae143c279ae8dd102183e191b54fca2f5f5afe8734d365f85ad0e888",739328,PPBENCH,bench-nds-hw-arm,frame_total,240,133564664,556519,142494,559842,558566,229,8c4d9050,1
"melonds","ds-arm",2,124,"51040774ae143c279ae8dd102183e191b54fca2f5f5afe8734d365f85ad0e888",739328,PPBENCH,bench-nds-hw-arm,frame_over_1pct_count,1,0,0,0,0,0,0,8c4d9050,1
"melonds","ds-arm",2,124,"51040774ae143c279ae8dd102183e191b54fca2f5f5afe8734d365f85ad0e888",739328,PPBENCH,bench-nds-hw-arm,frame_over_2x_count,1,0,0,0,0,0,0,8c4d9050,1
"melonds","ds-arm",2,124,"51040774ae143c279ae8dd102183e191b54fca2f5f5afe8734d365f85ad0e888",739328,PPBENCH,bench-nds-hw-arm,visible_things_rendered,1,5166,5166,5166,5166,0,0,8c4d9050,1
"melonds","ds-arm",2,124,"51040774ae143c279ae8dd102183e191b54fca2f5f5afe8734d365f85ad0e888",739328,PPBENCH,bench-nds-hw-arm,line_quads_rendered,1,22549,22549,22549,22549,0,0,8c4d9050,1
"melonds","ds-arm",2,124,"51040774ae143c279ae8dd102183e191b54fca2f5f5afe8734d365f85ad0e888",739328,PPBENCH,bench-nds-hw-arm,things_final,1,27,27,27,27,0,0,8c4d9050,1
"melonds","ds-arm",2,124,"51040774ae143c279ae8dd102183e191b54fca2f5f5afe8734d365f85ad0e888",739328,PPBENCH,bench-nds-hw-arm,behavior_pass,1,1,1,1,1,0,0,8c4d9050,1
"melonds","ds-arm",2,124,"51040774ae143c279ae8dd102183e191b54fca2f5f5afe8734d365f85ad0e888",739328,PPBENCH,bench-nds-hw-arm,hit_test_heap_fixed_pass,1,1,1,1,1,0,0,d82df0ac,1
"melonds","ds-arm",2,124,"51040774ae143c279ae8dd102183e191b54fca2f5f5afe8734d365f85ad0e888",739328,PPBENCH,bench-nds-hw-arm,overall_pass,1,1,1,1,1,0,0,8c4d9050,1
"melonds","ds-arm-fast",1,124,"3392934ad5b1ec9163e88aa876903d31398b89496b04f64ddcc95ca0db5b7969",739328,PPBENCH,bench-nds-hw-arm-fast,benchmark_started,1,1,1,1,1,0,0,00000000,1
"melonds","ds-arm-fast",1,124,"3392934ad5b1ec9163e88aa876903d31398b89496b04f64ddcc95ca0db5b7969",739328,PPBENCH,bench-nds-hw-arm-fast,file_output_ready,1,0,0,0,0,0,0,00000000,1
"melonds","ds-arm-fast",1,124,"3392934ad5b1ec9163e88aa876903d31398b89496b04f64ddcc95ca0db5b7969",739328,PPBENCH,bench-nds-hw-arm-fast,timer_read_overhead_ticks,1,14,14,14,14,0,0,00000000,1
"melonds","ds-arm-fast",1,124,"3392934ad5b1ec9163e88aa876903d31398b89496b04f64ddcc95ca0db5b7969",739328,PPBENCH,bench-nds-hw-arm-fast,scene_things_created,1,27,27,27,27,0,0,d8635f64,1
"melonds","ds-arm-fast",1,124,"3392934ad5b1ec9163e88aa876903d31398b89496b04f64ddcc95ca0db5b7969",739328,PPBENCH,bench-nds-hw-arm-fast,scene_position_sum_x,1,2995,2995,2995,2995,0,0,d8635f64,1
"melonds","ds-arm-fast",1,124,"3392934ad5b1ec9163e88aa876903d31398b89496b04f64ddcc95ca0db5b7969",739328,PPBENCH,bench-nds-hw-arm-fast,scene_position_sum_y,1,1943,1943,1943,1943,0,0,d8635f64,1
"melonds","ds-arm-fast",1,124,"3392934ad5b1ec9163e88aa876903d31398b89496b04f64ddcc95ca0db5b7969",739328,PPBENCH,bench-nds-hw-arm-fast,hit_test_heap_delta_bytes,1,0,0,0,0,0,0,d82df0ac,1
"melonds","ds-arm-fast",1,124,"3392934ad5b1ec9163e88aa876903d31398b89496b04f64ddcc95ca0db5b7969",739328,PPBENCH,bench-nds-hw-arm-fast,touch_create_and_drag,225,1469123,6529,28,103464,0,0,d8635f64,1
"melonds","ds-arm-fast",1,124,"3392934ad5b1ec9163e88aa876903d31398b89496b04f64ddcc95ca0db5b7969",739328,PPBENCH,bench-nds-hw-arm-fast,hit_test,600,946502,1577,1235,3289,0,0,d82df0ac,1
"melonds","ds-arm-fast",1,124,"3392934ad5b1ec9163e88aa876903d31398b89496b04f64ddcc95ca0db5b7969",739328,PPBENCH,bench-nds-hw-arm-fast,physics_step,240,31416817,130903,99938,193188,558566,0,8c4d9050,1
"melonds","ds-arm-fast",1,124,"3392934ad5b1ec9163e88aa876903d31398b89496b04f64ddcc95ca0db5b7969",739328,PPBENCH,bench-nds-hw-arm-fast,render_frame,240,102144229,425600,35437,459684,558566,0,8c4d9050,1
"melonds","ds-arm-fast",1,124,"3392934ad5b1ec9163e88aa876903d31398b89496b04f64ddcc95ca0db5b7969",739328,PPBENCH,bench-nds-hw-arm-fast,render_begin,240,127440,531,531,531,558566,0,8c4d9050,1
"melonds","ds-arm-fast",1,124,"3392934ad5b1ec9163e88aa876903d31398b89496b04f64ddcc95ca0db5b7969",739328,PPBENCH,bench-nds-hw-arm-fast,render_canvas,240,101989189,424954,34791,459038,558566,0,8c4d9050,1
"melonds","ds-arm-fast",1,124,"3392934ad5b1ec9163e88aa876903d31398b89496b04f64ddcc95ca0db5b7969",739328,PPBENCH,bench-nds-hw-arm-fast,render_end,240,8400,35,35,35,558566,0,8c4d9050,1
"melonds","ds-arm-fast",1,124,"3392934ad5b1ec9163e88aa876903d31398b89496b04f64ddcc95ca0db5b7969",739328,PPBENCH,bench-nds-hw-arm-fast,frame_total,240,133596421,556651,142413,559845,558566,230,8c4d9050,1
"melonds","ds-arm-fast",1,124,"3392934ad5b1ec9163e88aa876903d31398b89496b04f64ddcc95ca0db5b7969",739328,PPBENCH,bench-nds-hw-arm-fast,frame_over_1pct_count,1,0,0,0,0,0,0,8c4d9050,1
"melonds","ds-arm-fast",1,124,"3392934ad5b1ec9163e88aa876903d31398b89496b04f64ddcc95ca0db5b7969",739328,PPBENCH,bench-nds-hw-arm-fast,frame_over_2x_count,1,0,0,0,0,0,0,8c4d9050,1
"melonds","ds-arm-fast",1,124,"3392934ad5b1ec9163e88aa876903d31398b89496b04f64ddcc95ca0db5b7969",739328,PPBENCH,bench-nds-hw-arm-fast,visible_things_rendered,1,5166,5166,5166,5166,0,0,8c4d9050,1
"melonds","ds-arm-fast",1,124,"3392934ad5b1ec9163e88aa876903d31398b89496b04f64ddcc95ca0db5b7969",739328,PPBENCH,bench-nds-hw-arm-fast,line_quads_rendered,1,22549,22549,22549,22549,0,0,8c4d9050,1
"melonds","ds-arm-fast",1,124,"3392934ad5b1ec9163e88aa876903d31398b89496b04f64ddcc95ca0db5b7969",739328,PPBENCH,bench-nds-hw-arm-fast,things_final,1,27,27,27,27,0,0,8c4d9050,1
"melonds","ds-arm-fast",1,124,"3392934ad5b1ec9163e88aa876903d31398b89496b04f64ddcc95ca0db5b7969",739328,PPBENCH,bench-nds-hw-arm-fast,behavior_pass,1,1,1,1,1,0,0,8c4d9050,1
"melonds","ds-arm-fast",1,124,"3392934ad5b1ec9163e88aa876903d31398b89496b04f64ddcc95ca0db5b7969",739328,PPBENCH,bench-nds-hw-arm-fast,hit_test_heap_fixed_pass,1,1,1,1,1,0,0,d82df0ac,1
"melonds","ds-arm-fast",1,124,"3392934ad5b1ec9163e88aa876903d31398b89496b04f64ddcc95ca0db5b7969",739328,PPBENCH,bench-nds-hw-arm-fast,overall_pass,1,1,1,1,1,0,0,8c4d9050,1
"melonds","ds-arm-fast",2,124,"3392934ad5b1ec9163e88aa876903d31398b89496b04f64ddcc95ca0db5b7969",739328,PPBENCH,bench-nds-hw-arm-fast,benchmark_started,1,1,1,1,1,0,0,00000000,1
"melonds","ds-arm-fast",2,124,"3392934ad5b1ec9163e88aa876903d31398b89496b04f64ddcc95ca0db5b7969",739328,PPBENCH,bench-nds-hw-arm-fast,file_output_ready,1,0,0,0,0,0,0,00000000,1
"melonds","ds-arm-fast",2,124,"3392934ad5b1ec9163e88aa876903d31398b89496b04f64ddcc95ca0db5b7969",739328,PPBENCH,bench-nds-hw-arm-fast,timer_read_overhead_ticks,1,14,14,14,14,0,0,00000000,1
"melonds","ds-arm-fast",2,124,"3392934ad5b1ec9163e88aa876903d31398b89496b04f64ddcc95ca0db5b7969",739328,PPBENCH,bench-nds-hw-arm-fast,scene_things_created,1,27,27,27,27,0,0,d8635f64,1
"melonds","ds-arm-fast",2,124,"3392934ad5b1ec9163e88aa876903d31398b89496b04f64ddcc95ca0db5b7969",739328,PPBENCH,bench-nds-hw-arm-fast,scene_position_sum_x,1,2995,2995,2995,2995,0,0,d8635f64,1
"melonds","ds-arm-fast",2,124,"3392934ad5b1ec9163e88aa876903d31398b89496b04f64ddcc95ca0db5b7969",739328,PPBENCH,bench-nds-hw-arm-fast,scene_position_sum_y,1,1943,1943,1943,1943,0,0,d8635f64,1
"melonds","ds-arm-fast",2,124,"3392934ad5b1ec9163e88aa876903d31398b89496b04f64ddcc95ca0db5b7969",739328,PPBENCH,bench-nds-hw-arm-fast,hit_test_heap_delta_bytes,1,0,0,0,0,0,0,d82df0ac,1
"melonds","ds-arm-fast",2,124,"3392934ad5b1ec9163e88aa876903d31398b89496b04f64ddcc95ca0db5b7969",739328,PPBENCH,bench-nds-hw-arm-fast,touch_create_and_drag,225,1469123,6529,28,103464,0,0,d8635f64,1
"melonds","ds-arm-fast",2,124,"3392934ad5b1ec9163e88aa876903d31398b89496b04f64ddcc95ca0db5b7969",739328,PPBENCH,bench-nds-hw-arm-fast,hit_test,600,946502,1577,1235,3289,0,0,d82df0ac,1
"melonds","ds-arm-fast",2,124,"3392934ad5b1ec9163e88aa876903d31398b89496b04f64ddcc95ca0db5b7969",739328,PPBENCH,bench-nds-hw-arm-fast,physics_step,240,31416817,130903,99938,193188,558566,0,8c4d9050,1
"melonds","ds-arm-fast",2,124,"3392934ad5b1ec9163e88aa876903d31398b89496b04f64ddcc95ca0db5b7969",739328,PPBENCH,bench-nds-hw-arm-fast,render_frame,240,102144229,425600,35437,459684,558566,0,8c4d9050,1
"melonds","ds-arm-fast",2,124,"3392934ad5b1ec9163e88aa876903d31398b89496b04f64ddcc95ca0db5b7969",739328,PPBENCH,bench-nds-hw-arm-fast,render_begin,240,127440,531,531,531,558566,0,8c4d9050,1
"melonds","ds-arm-fast",2,124,"3392934ad5b1ec9163e88aa876903d31398b89496b04f64ddcc95ca0db5b7969",739328,PPBENCH,bench-nds-hw-arm-fast,render_canvas,240,101989189,424954,34791,459038,558566,0,8c4d9050,1
"melonds","ds-arm-fast",2,124,"3392934ad5b1ec9163e88aa876903d31398b89496b04f64ddcc95ca0db5b7969",739328,PPBENCH,bench-nds-hw-arm-fast,render_end,240,8400,35,35,35,558566,0,8c4d9050,1
"melonds","ds-arm-fast",2,124,"3392934ad5b1ec9163e88aa876903d31398b89496b04f64ddcc95ca0db5b7969",739328,PPBENCH,bench-nds-hw-arm-fast,frame_total,240,133596421,556651,142413,559845,558566,230,8c4d9050,1
"melonds","ds-arm-fast",2,124,"3392934ad5b1ec9163e88aa876903d31398b89496b04f64ddcc95ca0db5b7969",739328,PPBENCH,bench-nds-hw-arm-fast,frame_over_1pct_count,1,0,0,0,0,0,0,8c4d9050,1
"melonds","ds-arm-fast",2,124,"3392934ad5b1ec9163e88aa876903d31398b89496b04f64ddcc95ca0db5b7969",739328,PPBENCH,bench-nds-hw-arm-fast,frame_over_2x_count,1,0,0,0,0,0,0,8c4d9050,1
"melonds","ds-arm-fast",2,124,"3392934ad5b1ec9163e88aa876903d31398b89496b04f64ddcc95ca0db5b7969",739328,PPBENCH,bench-nds-hw-arm-fast,visible_things_rendered,1,5166,5166,5166,5166,0,0,8c4d9050,1
"melonds","ds-arm-fast",2,124,"3392934ad5b1ec9163e88aa876903d31398b89496b04f64ddcc95ca0db5b7969",739328,PPBENCH,bench-nds-hw-arm-fast,line_quads_rendered,1,22549,22549,22549,22549,0,0,8c4d9050,1
"melonds","ds-arm-fast",2,124,"3392934ad5b1ec9163e88aa876903d31398b89496b04f64ddcc95ca0db5b7969",739328,PPBENCH,bench-nds-hw-arm-fast,things_final,1,27,27,27,27,0,0,8c4d9050,1
"melonds","ds-arm-fast",2,124,"3392934ad5b1ec9163e88aa876903d31398b89496b04f64ddcc95ca0db5b7969",739328,PPBENCH,bench-nds-hw-arm-fast,behavior_pass,1,1,1,1,1,0,0,8c4d9050,1
"melonds","ds-arm-fast",2,124,"3392934ad5b1ec9163e88aa876903d31398b89496b04f64ddcc95ca0db5b7969",739328,PPBENCH,bench-nds-hw-arm-fast,hit_test_heap_fixed_pass,1,1,1,1,1,0,0,d82df0ac,1
"melonds","ds-arm-fast",2,124,"3392934ad5b1ec9163e88aa876903d31398b89496b04f64ddcc95ca0db5b7969",739328,PPBENCH,bench-nds-hw-arm-fast,overall_pass,1,1,1,1,1,0,0,8c4d9050,1
"melonds","ds-thumb-fast",1,124,"975b2c9ed4c34a22aa3b0f653729277b06434753a2685ab8b4cf0d1e443593a0",692224,PPBENCH,bench-nds-hw-thumb-fast,benchmark_started,1,1,1,1,1,0,0,00000000,1
"melonds","ds-thumb-fast",1,124,"975b2c9ed4c34a22aa3b0f653729277b06434753a2685ab8b4cf0d1e443593a0",692224,PPBENCH,bench-nds-hw-thumb-fast,file_output_ready,1,0,0,0,0,0,0,00000000,1
"melonds","ds-thumb-fast",1,124,"975b2c9ed4c34a22aa3b0f653729277b06434753a2685ab8b4cf0d1e443593a0",692224,PPBENCH,bench-nds-hw-thumb-fast,timer_read_overhead_ticks,1,13,13,13,13,0,0,00000000,1
"melonds","ds-thumb-fast",1,124,"975b2c9ed4c34a22aa3b0f653729277b06434753a2685ab8b4cf0d1e443593a0",692224,PPBENCH,bench-nds-hw-thumb-fast,scene_things_created,1,27,27,27,27,0,0,d8635f64,1
"melonds","ds-thumb-fast",1,124,"975b2c9ed4c34a22aa3b0f653729277b06434753a2685ab8b4cf0d1e443593a0",692224,PPBENCH,bench-nds-hw-thumb-fast,scene_position_sum_x,1,2995,2995,2995,2995,0,0,d8635f64,1
"melonds","ds-thumb-fast",1,124,"975b2c9ed4c34a22aa3b0f653729277b06434753a2685ab8b4cf0d1e443593a0",692224,PPBENCH,bench-nds-hw-thumb-fast,scene_position_sum_y,1,1943,1943,1943,1943,0,0,d8635f64,1
"melonds","ds-thumb-fast",1,124,"975b2c9ed4c34a22aa3b0f653729277b06434753a2685ab8b4cf0d1e443593a0",692224,PPBENCH,bench-nds-hw-thumb-fast,hit_test_heap_delta_bytes,1,0,0,0,0,0,0,d82df0ac,1
"melonds","ds-thumb-fast",1,124,"975b2c9ed4c34a22aa3b0f653729277b06434753a2685ab8b4cf0d1e443593a0",692224,PPBENCH,bench-nds-hw-thumb-fast,touch_create_and_drag,225,1594383,7086,26,110935,0,0,d8635f64,1
"melonds","ds-thumb-fast",1,124,"975b2c9ed4c34a22aa3b0f653729277b06434753a2685ab8b4cf0d1e443593a0",692224,PPBENCH,bench-nds-hw-thumb-fast,hit_test,600,998574,1664,1333,3077,0,0,d82df0ac,1
"melonds","ds-thumb-fast",1,124,"975b2c9ed4c34a22aa3b0f653729277b06434753a2685ab8b4cf0d1e443593a0",692224,PPBENCH,bench-nds-hw-thumb-fast,physics_step,240,56143433,233930,175554,341294,558566,0,8c4d9050,1
"melonds","ds-thumb-fast",1,124,"975b2c9ed4c34a22aa3b0f653729277b06434753a2685ab8b4cf0d1e443593a0",692224,PPBENCH,bench-nds-hw-thumb-fast,render_frame,240,77654567,323560,40739,383972,558566,0,8c4d9050,1
"melonds","ds-thumb-fast",1,124,"975b2c9ed4c34a22aa3b0f653729277b06434753a2685ab8b4cf0d1e443593a0",692224,PPBENCH,bench-nds-hw-thumb-fast,render_begin,240,126936,528,528,529,558566,0,8c4d9050,1
"melonds","ds-thumb-fast",1,124,"975b2c9ed4c34a22aa3b0f653729277b06434753a2685ab8b4cf0d1e443593a0",692224,PPBENCH,bench-nds-hw-thumb-fast,render_canvas,240,77497147,322904,40090,383318,558566,0,8c4d9050,1
"melonds","ds-thumb-fast",1,124,"975b2c9ed4c34a22aa3b0f653729277b06434753a2685ab8b4cf0d1e443593a0",692224,PPBENCH,bench-nds-hw-thumb-fast,render_end,240,8277,34,34,35,558566,0,8c4d9050,1
"melonds","ds-thumb-fast",1,124,"975b2c9ed4c34a22aa3b0f653729277b06434753a2685ab8b4cf0d1e443593a0",692224,PPBENCH,bench-nds-hw-thumb-fast,frame_total,240,133837764,557657,230185,559761,558566,228,8c4d9050,1
"melonds","ds-thumb-fast",1,124,"975b2c9ed4c34a22aa3b0f653729277b06434753a2685ab8b4cf0d1e443593a0",692224,PPBENCH,bench-nds-hw-thumb-fast,frame_over_1pct_count,1,0,0,0,0,0,0,8c4d9050,1
"melonds","ds-thumb-fast",1,124,"975b2c9ed4c34a22aa3b0f653729277b06434753a2685ab8b4cf0d1e443593a0",692224,PPBENCH,bench-nds-hw-thumb-fast,frame_over_2x_count,1,0,0,0,0,0,0,8c4d9050,1
"melonds","ds-thumb-fast",1,124,"975b2c9ed4c34a22aa3b0f653729277b06434753a2685ab8b4cf0d1e443593a0",692224,PPBENCH,bench-nds-hw-thumb-fast,visible_things_rendered,1,5166,5166,5166,5166,0,0,8c4d9050,1
"melonds","ds-thumb-fast",1,124,"975b2c9ed4c34a22aa3b0f653729277b06434753a2685ab8b4cf0d1e443593a0",692224,PPBENCH,bench-nds-hw-thumb-fast,line_quads_rendered,1,22549,22549,22549,22549,0,0,8c4d9050,1
"melonds","ds-thumb-fast",1,124,"975b2c9ed4c34a22aa3b0f653729277b06434753a2685ab8b4cf0d1e443593a0",692224,PPBENCH,bench-nds-hw-thumb-fast,things_final,1,27,27,27,27,0,0,8c4d9050,1
"melonds","ds-thumb-fast",1,124,"975b2c9ed4c34a22aa3b0f653729277b06434753a2685ab8b4cf0d1e443593a0",692224,PPBENCH,bench-nds-hw-thumb-fast,behavior_pass,1,1,1,1,1,0,0,8c4d9050,1
"melonds","ds-thumb-fast",1,124,"975b2c9ed4c34a22aa3b0f653729277b06434753a2685ab8b4cf0d1e443593a0",692224,PPBENCH,bench-nds-hw-thumb-fast,hit_test_heap_fixed_pass,1,1,1,1,1,0,0,d82df0ac,1
"melonds","ds-thumb-fast",1,124,"975b2c9ed4c34a22aa3b0f653729277b06434753a2685ab8b4cf0d1e443593a0",692224,PPBENCH,bench-nds-hw-thumb-fast,overall_pass,1,1,1,1,1,0,0,8c4d9050,1
"melonds","ds-thumb-fast",2,124,"975b2c9ed4c34a22aa3b0f653729277b06434753a2685ab8b4cf0d1e443593a0",692224,PPBENCH,bench-nds-hw-thumb-fast,benchmark_started,1,1,1,1,1,0,0,00000000,1
"melonds","ds-thumb-fast",2,124,"975b2c9ed4c34a22aa3b0f653729277b06434753a2685ab8b4cf0d1e443593a0",692224,PPBENCH,bench-nds-hw-thumb-fast,file_output_ready,1,0,0,0,0,0,0,00000000,1
"melonds","ds-thumb-fast",2,124,"975b2c9ed4c34a22aa3b0f653729277b06434753a2685ab8b4cf0d1e443593a0",692224,PPBENCH,bench-nds-hw-thumb-fast,timer_read_overhead_ticks,1,13,13,13,13,0,0,00000000,1
"melonds","ds-thumb-fast",2,124,"975b2c9ed4c34a22aa3b0f653729277b06434753a2685ab8b4cf0d1e443593a0",692224,PPBENCH,bench-nds-hw-thumb-fast,scene_things_created,1,27,27,27,27,0,0,d8635f64,1
"melonds","ds-thumb-fast",2,124,"975b2c9ed4c34a22aa3b0f653729277b06434753a2685ab8b4cf0d1e443593a0",692224,PPBENCH,bench-nds-hw-thumb-fast,scene_position_sum_x,1,2995,2995,2995,2995,0,0,d8635f64,1
"melonds","ds-thumb-fast",2,124,"975b2c9ed4c34a22aa3b0f653729277b06434753a2685ab8b4cf0d1e443593a0",692224,PPBENCH,bench-nds-hw-thumb-fast,scene_position_sum_y,1,1943,1943,1943,1943,0,0,d8635f64,1
"melonds","ds-thumb-fast",2,124,"975b2c9ed4c34a22aa3b0f653729277b06434753a2685ab8b4cf0d1e443593a0",692224,PPBENCH,bench-nds-hw-thumb-fast,hit_test_heap_delta_bytes,1,0,0,0,0,0,0,d82df0ac,1
"melonds","ds-thumb-fast",2,124,"975b2c9ed4c34a22aa3b0f653729277b06434753a2685ab8b4cf0d1e443593a0",692224,PPBENCH,bench-nds-hw-thumb-fast,touch_create_and_drag,225,1594383,7086,26,110935,0,0,d8635f64,1
"melonds","ds-thumb-fast",2,124,"975b2c9ed4c34a22aa3b0f653729277b06434753a2685ab8b4cf0d1e443593a0",692224,PPBENCH,bench-nds-hw-thumb-fast,hit_test,600,998574,1664,1333,3077,0,0,d82df0ac,1
"melonds","ds-thumb-fast",2,124,"975b2c9ed4c34a22aa3b0f653729277b06434753a2685ab8b4cf0d1e443593a0",692224,PPBENCH,bench-nds-hw-thumb-fast,physics_step,240,56143433,233930,175554,341294,558566,0,8c4d9050,1
"melonds","ds-thumb-fast",2,124,"975b2c9ed4c34a22aa3b0f653729277b06434753a2685ab8b4cf0d1e443593a0",692224,PPBENCH,bench-nds-hw-thumb-fast,render_frame,240,77654567,323560,40739,383972,558566,0,8c4d9050,1
"melonds","ds-thumb-fast",2,124,"975b2c9ed4c34a22aa3b0f653729277b06434753a2685ab8b4cf0d1e443593a0",692224,PPBENCH,bench-nds-hw-thumb-fast,render_begin,240,126936,528,528,529,558566,0,8c4d9050,1
"melonds","ds-thumb-fast",2,124,"975b2c9ed4c34a22aa3b0f653729277b06434753a2685ab8b4cf0d1e443593a0",692224,PPBENCH,bench-nds-hw-thumb-fast,render_canvas,240,77497147,322904,40090,383318,558566,0,8c4d9050,1
"melonds","ds-thumb-fast",2,124,"975b2c9ed4c34a22aa3b0f653729277b06434753a2685ab8b4cf0d1e443593a0",692224,PPBENCH,bench-nds-hw-thumb-fast,render_end,240,8277,34,34,35,558566,0,8c4d9050,1
"melonds","ds-thumb-fast",2,124,"975b2c9ed4c34a22aa3b0f653729277b06434753a2685ab8b4cf0d1e443593a0",692224,PPBENCH,bench-nds-hw-thumb-fast,frame_total,240,133837764,557657,230185,559761,558566,228,8c4d9050,1
"melonds","ds-thumb-fast",2,124,"975b2c9ed4c34a22aa3b0f653729277b06434753a2685ab8b4cf0d1e443593a0",692224,PPBENCH,bench-nds-hw-thumb-fast,frame_over_1pct_count,1,0,0,0,0,0,0,8c4d9050,1
"melonds","ds-thumb-fast",2,124,"975b2c9ed4c34a22aa3b0f653729277b06434753a2685ab8b4cf0d1e443593a0",692224,PPBENCH,bench-nds-hw-thumb-fast,frame_over_2x_count,1,0,0,0,0,0,0,8c4d9050,1
"melonds","ds-thumb-fast",2,124,"975b2c9ed4c34a22aa3b0f653729277b06434753a2685ab8b4cf0d1e443593a0",692224,PPBENCH,bench-nds-hw-thumb-fast,visible_things_rendered,1,5166,5166,5166,5166,0,0,8c4d9050,1
"melonds","ds-thumb-fast",2,124,"975b2c9ed4c34a22aa3b0f653729277b06434753a2685ab8b4cf0d1e443593a0",692224,PPBENCH,bench-nds-hw-thumb-fast,line_quads_rendered,1,22549,22549,22549,22549,0,0,8c4d9050,1
"melonds","ds-thumb-fast",2,124,"975b2c9ed4c34a22aa3b0f653729277b06434753a2685ab8b4cf0d1e443593a0",692224,PPBENCH,bench-nds-hw-thumb-fast,things_final,1,27,27,27,27,0,0,8c4d9050,1
"melonds","ds-thumb-fast",2,124,"975b2c9ed4c34a22aa3b0f653729277b06434753a2685ab8b4cf0d1e443593a0",692224,PPBENCH,bench-nds-hw-thumb-fast,behavior_pass,1,1,1,1,1,0,0,8c4d9050,1
"melonds","ds-thumb-fast",2,124,"975b2c9ed4c34a22aa3b0f653729277b06434753a2685ab8b4cf0d1e443593a0",692224,PPBENCH,bench-nds-hw-thumb-fast,hit_test_heap_fixed_pass,1,1,1,1,1,0,0,d82df0ac,1
"melonds","ds-thumb-fast",2,124,"975b2c9ed4c34a22aa3b0f653729277b06434753a2685ab8b4cf0d1e443593a0",692224,PPBENCH,bench-nds-hw-thumb-fast,overall_pass,1,1,1,1,1,0,0,8c4d9050,1
"melonds","ds-thumb-fast-nolto",1,124,"67187b612d989d7b6142cdf5fc3ec190bed81186d617bd1308d56668490c1dfd",799744,PPBENCH,bench-nds-hw-thumb-fast-nolto,benchmark_started,1,1,1,1,1,0,0,00000000,1
"melonds","ds-thumb-fast-nolto",1,124,"67187b612d989d7b6142cdf5fc3ec190bed81186d617bd1308d56668490c1dfd",799744,PPBENCH,bench-nds-hw-thumb-fast-nolto,file_output_ready,1,0,0,0,0,0,0,00000000,1
"melonds","ds-thumb-fast-nolto",1,124,"67187b612d989d7b6142cdf5fc3ec190bed81186d617bd1308d56668490c1dfd",799744,PPBENCH,bench-nds-hw-thumb-fast-nolto,timer_read_overhead_ticks,1,13,13,13,13,0,0,00000000,1
"melonds","ds-thumb-fast-nolto",1,124,"67187b612d989d7b6142cdf5fc3ec190bed81186d617bd1308d56668490c1dfd",799744,PPBENCH,bench-nds-hw-thumb-fast-nolto,scene_things_created,1,27,27,27,27,0,0,d8635f64,1
"melonds","ds-thumb-fast-nolto",1,124,"67187b612d989d7b6142cdf5fc3ec190bed81186d617bd1308d56668490c1dfd",799744,PPBENCH,bench-nds-hw-thumb-fast-nolto,scene_position_sum_x,1,2995,2995,2995,2995,0,0,d8635f64,1
"melonds","ds-thumb-fast-nolto",1,124,"67187b612d989d7b6142cdf5fc3ec190bed81186d617bd1308d56668490c1dfd",799744,PPBENCH,bench-nds-hw-thumb-fast-nolto,scene_position_sum_y,1,1943,1943,1943,1943,0,0,d8635f64,1
"melonds","ds-thumb-fast-nolto",1,124,"67187b612d989d7b6142cdf5fc3ec190bed81186d617bd1308d56668490c1dfd",799744,PPBENCH,bench-nds-hw-thumb-fast-nolto,hit_test_heap_delta_bytes,1,0,0,0,0,0,0,d82df0ac,1
"melonds","ds-thumb-fast-nolto",1,124,"67187b612d989d7b6142cdf5fc3ec190bed81186d617bd1308d56668490c1dfd",799744,PPBENCH,bench-nds-hw-thumb-fast-nolto,touch_create_and_drag,225,1601352,7117,41,112429,0,0,d8635f64,1
"melonds","ds-thumb-fast-nolto",1,124,"67187b612d989d7b6142cdf5fc3ec190bed81186d617bd1308d56668490c1dfd",799744,PPBENCH,bench-nds-hw-thumb-fast-nolto,hit_test,600,1067092,1778,1436,3435,0,0,d82df0ac,1
"melonds","ds-thumb-fast-nolto",1,124,"67187b612d989d7b6142cdf5fc3ec190bed81186d617bd1308d56668490c1dfd",799744,PPBENCH,bench-nds-hw-thumb-fast-nolto,physics_step,240,56807183,236696,178112,345041,558566,0,8c4d9050,1
"melonds","ds-thumb-fast-nolto",1,124,"67187b612d989d7b6142cdf5fc3ec190bed81186d617bd1308d56668490c1dfd",799744,PPBENCH,bench-nds-hw-thumb-fast-nolto,render_frame,240,76739714,319748,44082,380662,558566,0,8c4d9050,1
"melonds","ds-thumb-fast-nolto",1,124,"67187b612d989d7b6142cdf5fc3ec190bed81186d617bd1308d56668490c1dfd",799744,PPBENCH,bench-nds-hw-thumb-fast-nolto,render_begin,240,127078,529,529,530,558566,0,8c4d9050,1
"melonds","ds-thumb-fast-nolto",1,124,"67187b612d989d7b6142cdf5fc3ec190bed81186d617bd1308d56668490c1dfd",799744,PPBENCH,bench-nds-hw-thumb-fast-nolto,render_canvas,240,76582527,319093,43432,380008,558566,0,8c4d9050,1
"melonds","ds-thumb-fast-nolto",1,124,"67187b612d989d7b6142cdf5fc3ec190bed81186d617bd1308d56668490c1dfd",799744,PPBENCH,bench-nds-hw-thumb-fast-nolto,render_end,240,8400,35,35,35,558566,0,8c4d9050,1
"melonds","ds-thumb-fast-nolto",1,124,"67187b612d989d7b6142cdf5fc3ec190bed81186d617bd1308d56668490c1dfd",799744,PPBENCH,bench-nds-hw-thumb-fast-nolto,frame_total,240,133585914,556607,234575,559193,558566,228,8c4d9050,1
"melonds","ds-thumb-fast-nolto",1,124,"67187b612d989d7b6142cdf5fc3ec190bed81186d617bd1308d56668490c1dfd",799744,PPBENCH,bench-nds-hw-thumb-fast-nolto,frame_over_1pct_count,1,0,0,0,0,0,0,8c4d9050,1
"melonds","ds-thumb-fast-nolto",1,124,"67187b612d989d7b6142cdf5fc3ec190bed81186d617bd1308d56668490c1dfd",799744,PPBENCH,bench-nds-hw-thumb-fast-nolto,frame_over_2x_count,1,0,0,0,0,0,0,8c4d9050,1
"melonds","ds-thumb-fast-nolto",1,124,"67187b612d989d7b6142cdf5fc3ec190bed81186d617bd1308d56668490c1dfd",799744,PPBENCH,bench-nds-hw-thumb-fast-nolto,visible_things_rendered,1,5166,5166,5166,5166,0,0,8c4d9050,1
"melonds","ds-thumb-fast-nolto",1,124,"67187b612d989d7b6142cdf5fc3ec190bed81186d617bd1308d56668490c1dfd",799744,PPBENCH,bench-nds-hw-thumb-fast-nolto,line_quads_rendered,1,22549,22549,22549,22549,0,0,8c4d9050,1
"melonds","ds-thumb-fast-nolto",1,124,"67187b612d989d7b6142cdf5fc3ec190bed81186d617bd1308d56668490c1dfd",799744,PPBENCH,bench-nds-hw-thumb-fast-nolto,things_final,1,27,27,27,27,0,0,8c4d9050,1
"melonds","ds-thumb-fast-nolto",1,124,"67187b612d989d7b6142cdf5fc3ec190bed81186d617bd1308d56668490c1dfd",799744,PPBENCH,bench-nds-hw-thumb-fast-nolto,behavior_pass,1,1,1,1,1,0,0,8c4d9050,1
"melonds","ds-thumb-fast-nolto",1,124,"67187b612d989d7b6142cdf5fc3ec190bed81186d617bd1308d56668490c1dfd",799744,PPBENCH,bench-nds-hw-thumb-fast-nolto,hit_test_heap_fixed_pass,1,1,1,1,1,0,0,d82df0ac,1
"melonds","ds-thumb-fast-nolto",1,124,"67187b612d989d7b6142cdf5fc3ec190bed81186d617bd1308d56668490c1dfd",799744,PPBENCH,bench-nds-hw-thumb-fast-nolto,overall_pass,1,1,1,1,1,0,0,8c4d9050,1
"melonds","ds-thumb-fast-nolto",2,124,"67187b612d989d7b6142cdf5fc3ec190bed81186d617bd1308d56668490c1dfd",799744,PPBENCH,bench-nds-hw-thumb-fast-nolto,benchmark_started,1,1,1,1,1,0,0,00000000,1
"melonds","ds-thumb-fast-nolto",2,124,"67187b612d989d7b6142cdf5fc3ec190bed81186d617bd1308d56668490c1dfd",799744,PPBENCH,bench-nds-hw-thumb-fast-nolto,file_output_ready,1,0,0,0,0,0,0,00000000,1
"melonds","ds-thumb-fast-nolto",2,124,"67187b612d989d7b6142cdf5fc3ec190bed81186d617bd1308d56668490c1dfd",799744,PPBENCH,bench-nds-hw-thumb-fast-nolto,timer_read_overhead_ticks,1,13,13,13,13,0,0,00000000,1
"melonds","ds-thumb-fast-nolto",2,124,"67187b612d989d7b6142cdf5fc3ec190bed81186d617bd1308d56668490c1dfd",799744,PPBENCH,bench-nds-hw-thumb-fast-nolto,scene_things_created,1,27,27,27,27,0,0,d8635f64,1
"melonds","ds-thumb-fast-nolto",2,124,"67187b612d989d7b6142cdf5fc3ec190bed81186d617bd1308d56668490c1dfd",799744,PPBENCH,bench-nds-hw-thumb-fast-nolto,scene_position_sum_x,1,2995,2995,2995,2995,0,0,d8635f64,1
"melonds","ds-thumb-fast-nolto",2,124,"67187b612d989d7b6142cdf5fc3ec190bed81186d617bd1308d56668490c1dfd",799744,PPBENCH,bench-nds-hw-thumb-fast-nolto,scene_position_sum_y,1,1943,1943,1943,1943,0,0,d8635f64,1
"melonds","ds-thumb-fast-nolto",2,124,"67187b612d989d7b6142cdf5fc3ec190bed81186d617bd1308d56668490c1dfd",799744,PPBENCH,bench-nds-hw-thumb-fast-nolto,hit_test_heap_delta_bytes,1,0,0,0,0,0,0,d82df0ac,1
"melonds","ds-thumb-fast-nolto",2,124,"67187b612d989d7b6142cdf5fc3ec190bed81186d617bd1308d56668490c1dfd",799744,PPBENCH,bench-nds-hw-thumb-fast-nolto,touch_create_and_drag,225,1601352,7117,41,112429,0,0,d8635f64,1
"melonds","ds-thumb-fast-nolto",2,124,"67187b612d989d7b6142cdf5fc3ec190bed81186d617bd1308d56668490c1dfd",799744,PPBENCH,bench-nds-hw-thumb-fast-nolto,hit_test,600,1067092,1778,1436,3435,0,0,d82df0ac,1
"melonds","ds-thumb-fast-nolto",2,124,"67187b612d989d7b6142cdf5fc3ec190bed81186d617bd1308d56668490c1dfd",799744,PPBENCH,bench-nds-hw-thumb-fast-nolto,physics_step,240,56807183,236696,178112,345041,558566,0,8c4d9050,1
"melonds","ds-thumb-fast-nolto",2,124,"67187b612d989d7b6142cdf5fc3ec190bed81186d617bd1308d56668490c1dfd",799744,PPBENCH,bench-nds-hw-thumb-fast-nolto,render_frame,240,76739714,319748,44082,380662,558566,0,8c4d9050,1
"melonds","ds-thumb-fast-nolto",2,124,"67187b612d989d7b6142cdf5fc3ec190bed81186d617bd1308d56668490c1dfd",799744,PPBENCH,bench-nds-hw-thumb-fast-nolto,render_begin,240,127078,529,529,530,558566,0,8c4d9050,1
"melonds","ds-thumb-fast-nolto",2,124,"67187b612d989d7b6142cdf5fc3ec190bed81186d617bd1308d56668490c1dfd",799744,PPBENCH,bench-nds-hw-thumb-fast-nolto,render_canvas,240,76582527,319093,43432,380008,558566,0,8c4d9050,1
"melonds","ds-thumb-fast-nolto",2,124,"67187b612d989d7b6142cdf5fc3ec190bed81186d617bd1308d56668490c1dfd",799744,PPBENCH,bench-nds-hw-thumb-fast-nolto,render_end,240,8400,35,35,35,558566,0,8c4d9050,1
"melonds","ds-thumb-fast-nolto",2,124,"67187b612d989d7b6142cdf5fc3ec190bed81186d617bd1308d56668490c1dfd",799744,PPBENCH,bench-nds-hw-thumb-fast-nolto,frame_total,240,133585914,556607,234575,559193,558566,228,8c4d9050,1
"melonds","ds-thumb-fast-nolto",2,124,"67187b612d989d7b6142cdf5fc3ec190bed81186d617bd1308d56668490c1dfd",799744,PPBENCH,bench-nds-hw-thumb-fast-nolto,frame_over_1pct_count,1,0,0,0,0,0,0,8c4d9050,1
"melonds","ds-thumb-fast-nolto",2,124,"67187b612d989d7b6142cdf5fc3ec190bed81186d617bd1308d56668490c1dfd",799744,PPBENCH,bench-nds-hw-thumb-fast-nolto,frame_over_2x_count,1,0,0,0,0,0,0,8c4d9050,1
"melonds","ds-thumb-fast-nolto",2,124,"67187b612d989d7b6142cdf5fc3ec190bed81186d617bd1308d56668490c1dfd",799744,PPBENCH,bench-nds-hw-thumb-fast-nolto,visible_things_rendered,1,5166,5166,5166,5166,0,0,8c4d9050,1
"melonds","ds-thumb-fast-nolto",2,124,"67187b612d989d7b6142cdf5fc3ec190bed81186d617bd1308d56668490c1dfd",799744,PPBENCH,bench-nds-hw-thumb-fast-nolto,line_quads_rendered,1,22549,22549,22549,22549,0,0,8c4d9050,1
"melonds","ds-thumb-fast-nolto",2,124,"67187b612d989d7b6142cdf5fc3ec190bed81186d617bd1308d56668490c1dfd",799744,PPBENCH,bench-nds-hw-thumb-fast-nolto,things_final,1,27,27,27,27,0,0,8c4d9050,1
"melonds","ds-thumb-fast-nolto",2,124,"67187b612d989d7b6142cdf5fc3ec190bed81186d617bd1308d56668490c1dfd",799744,PPBENCH,bench-nds-hw-thumb-fast-nolto,behavior_pass,1,1,1,1,1,0,0,8c4d9050,1
"melonds","ds-thumb-fast-nolto",2,124,"67187b612d989d7b6142cdf5fc3ec190bed81186d617bd1308d56668490c1dfd",799744,PPBENCH,bench-nds-hw-thumb-fast-nolto,hit_test_heap_fixed_pass,1,1,1,1,1,0,0,d82df0ac,1
"melonds","ds-thumb-fast-nolto",2,124,"67187b612d989d7b6142cdf5fc3ec190bed81186d617bd1308d56668490c1dfd",799744,PPBENCH,bench-nds-hw-thumb-fast-nolto,overall_pass,1,1,1,1,1,0,0,8c4d9050,1
"melonds","canvas-arm-o2",1,124,"a5c078c4bde37abb3776317e5721940e705ab6e83f65d0fa836a90551c43e8ac",738304,PPBENCH,bench-nds-hw-arm-canvas-o2,benchmark_started,1,1,1,1,1,0,0,00000000,1
"melonds","canvas-arm-o2",1,124,"a5c078c4bde37abb3776317e5721940e705ab6e83f65d0fa836a90551c43e8ac",738304,PPBENCH,bench-nds-hw-arm-canvas-o2,file_output_ready,1,0,0,0,0,0,0,00000000,1
"melonds","canvas-arm-o2",1,124,"a5c078c4bde37abb3776317e5721940e705ab6e83f65d0fa836a90551c43e8ac",738304,PPBENCH,bench-nds-hw-arm-canvas-o2,timer_read_overhead_ticks,1,13,13,13,13,0,0,00000000,1
"melonds","canvas-arm-o2",1,124,"a5c078c4bde37abb3776317e5721940e705ab6e83f65d0fa836a90551c43e8ac",738304,PPBENCH,bench-nds-hw-arm-canvas-o2,scene_things_created,1,27,27,27,27,0,0,d8635f64,1
"melonds","canvas-arm-o2",1,124,"a5c078c4bde37abb3776317e5721940e705ab6e83f65d0fa836a90551c43e8ac",738304,PPBENCH,bench-nds-hw-arm-canvas-o2,scene_position_sum_x,1,2995,2995,2995,2995,0,0,d8635f64,1
"melonds","canvas-arm-o2",1,124,"a5c078c4bde37abb3776317e5721940e705ab6e83f65d0fa836a90551c43e8ac",738304,PPBENCH,bench-nds-hw-arm-canvas-o2,scene_position_sum_y,1,1943,1943,1943,1943,0,0,d8635f64,1
"melonds","canvas-arm-o2",1,124,"a5c078c4bde37abb3776317e5721940e705ab6e83f65d0fa836a90551c43e8ac",738304,PPBENCH,bench-nds-hw-arm-canvas-o2,hit_test_heap_delta_bytes,1,0,0,0,0,0,0,d82df0ac,1
"melonds","canvas-arm-o2",1,124,"a5c078c4bde37abb3776317e5721940e705ab6e83f65d0fa836a90551c43e8ac",738304,PPBENCH,bench-nds-hw-arm-canvas-o2,touch_create_and_drag,225,1487354,6610,28,103463,0,0,d8635f64,1
"melonds","canvas-arm-o2",1,124,"a5c078c4bde37abb3776317e5721940e705ab6e83f65d0fa836a90551c43e8ac",738304,PPBENCH,bench-nds-hw-arm-canvas-o2,hit_test,600,914710,1524,1152,2997,0,0,d82df0ac,1
"melonds","canvas-arm-o2",1,124,"a5c078c4bde37abb3776317e5721940e705ab6e83f65d0fa836a90551c43e8ac",738304,PPBENCH,bench-nds-hw-arm-canvas-o2,physics_step,240,31284798,130353,99327,192282,558566,0,8c4d9050,1
"melonds","canvas-arm-o2",1,124,"a5c078c4bde37abb3776317e5721940e705ab6e83f65d0fa836a90551c43e8ac",738304,PPBENCH,bench-nds-hw-arm-canvas-o2,render_frame,240,102259123,426079,39952,460285,558566,0,8c4d9050,1
"melonds","canvas-arm-o2",1,124,"a5c078c4bde37abb3776317e5721940e705ab6e83f65d0fa836a90551c43e8ac",738304,PPBENCH,bench-nds-hw-arm-canvas-o2,render_begin,240,125883,524,524,525,558566,0,8c4d9050,1
"melonds","canvas-arm-o2",1,124,"a5c078c4bde37abb3776317e5721940e705ab6e83f65d0fa836a90551c43e8ac",738304,PPBENCH,bench-nds-hw-arm-canvas-o2,render_canvas,240,102106120,425442,39315,459648,558566,0,8c4d9050,1
"melonds","canvas-arm-o2",1,124,"a5c078c4bde37abb3776317e5721940e705ab6e83f65d0fa836a90551c43e8ac",738304,PPBENCH,bench-nds-hw-arm-canvas-o2,render_end,240,8160,34,34,34,558566,0,8c4d9050,1
"melonds","canvas-arm-o2",1,124,"a5c078c4bde37abb3776317e5721940e705ab6e83f65d0fa836a90551c43e8ac",738304,PPBENCH,bench-nds-hw-arm-canvas-o2,frame_total,240,133577689,556573,146341,559824,558566,228,8c4d9050,1
"melonds","canvas-arm-o2",1,124,"a5c078c4bde37abb3776317e5721940e705ab6e83f65d0fa836a90551c43e8ac",738304,PPBENCH,bench-nds-hw-arm-canvas-o2,frame_over_1pct_count,1,0,0,0,0,0,0,8c4d9050,1
"melonds","canvas-arm-o2",1,124,"a5c078c4bde37abb3776317e5721940e705ab6e83f65d0fa836a90551c43e8ac",738304,PPBENCH,bench-nds-hw-arm-canvas-o2,frame_over_2x_count,1,0,0,0,0,0,0,8c4d9050,1
"melonds","canvas-arm-o2",1,124,"a5c078c4bde37abb3776317e5721940e705ab6e83f65d0fa836a90551c43e8ac",738304,PPBENCH,bench-nds-hw-arm-canvas-o2,visible_things_rendered,1,5166,5166,5166,5166,0,0,8c4d9050,1
"melonds","canvas-arm-o2",1,124,"a5c078c4bde37abb3776317e5721940e705ab6e83f65d0fa836a90551c43e8ac",738304,PPBENCH,bench-nds-hw-arm-canvas-o2,line_quads_rendered,1,22549,22549,22549,22549,0,0,8c4d9050,1
"melonds","canvas-arm-o2",1,124,"a5c078c4bde37abb3776317e5721940e705ab6e83f65d0fa836a90551c43e8ac",738304,PPBENCH,bench-nds-hw-arm-canvas-o2,things_final,1,27,27,27,27,0,0,8c4d9050,1
"melonds","canvas-arm-o2",1,124,"a5c078c4bde37abb3776317e5721940e705ab6e83f65d0fa836a90551c43e8ac",738304,PPBENCH,bench-nds-hw-arm-canvas-o2,behavior_pass,1,1,1,1,1,0,0,8c4d9050,1
"melonds","canvas-arm-o2",1,124,"a5c078c4bde37abb3776317e5721940e705ab6e83f65d0fa836a90551c43e8ac",738304,PPBENCH,bench-nds-hw-arm-canvas-o2,hit_test_heap_fixed_pass,1,1,1,1,1,0,0,d82df0ac,1
"melonds","canvas-arm-o2",1,124,"a5c078c4bde37abb3776317e5721940e705ab6e83f65d0fa836a90551c43e8ac",738304,PPBENCH,bench-nds-hw-arm-canvas-o2,overall_pass,1,1,1,1,1,0,0,8c4d9050,1
"melonds","canvas-arm-o2",2,124,"a5c078c4bde37abb3776317e5721940e705ab6e83f65d0fa836a90551c43e8ac",738304,PPBENCH,bench-nds-hw-arm-canvas-o2,benchmark_started,1,1,1,1,1,0,0,00000000,1
"melonds","canvas-arm-o2",2,124,"a5c078c4bde37abb3776317e5721940e705ab6e83f65d0fa836a90551c43e8ac",738304,PPBENCH,bench-nds-hw-arm-canvas-o2,file_output_ready,1,0,0,0,0,0,0,00000000,1
"melonds","canvas-arm-o2",2,124,"a5c078c4bde37abb3776317e5721940e705ab6e83f65d0fa836a90551c43e8ac",738304,PPBENCH,bench-nds-hw-arm-canvas-o2,timer_read_overhead_ticks,1,13,13,13,13,0,0,00000000,1
"melonds","canvas-arm-o2",2,124,"a5c078c4bde37abb3776317e5721940e705ab6e83f65d0fa836a90551c43e8ac",738304,PPBENCH,bench-nds-hw-arm-canvas-o2,scene_things_created,1,27,27,27,27,0,0,d8635f64,1
"melonds","canvas-arm-o2",2,124,"a5c078c4bde37abb3776317e5721940e705ab6e83f65d0fa836a90551c43e8ac",738304,PPBENCH,bench-nds-hw-arm-canvas-o2,scene_position_sum_x,1,2995,2995,2995,2995,0,0,d8635f64,1
"melonds","canvas-arm-o2",2,124,"a5c078c4bde37abb3776317e5721940e705ab6e83f65d0fa836a90551c43e8ac",738304,PPBENCH,bench-nds-hw-arm-canvas-o2,scene_position_sum_y,1,1943,1943,1943,1943,0,0,d8635f64,1
"melonds","canvas-arm-o2",2,124,"a5c078c4bde37abb3776317e5721940e705ab6e83f65d0fa836a90551c43e8ac",738304,PPBENCH,bench-nds-hw-arm-canvas-o2,hit_test_heap_delta_bytes,1,0,0,0,0,0,0,d82df0ac,1
"melonds","canvas-arm-o2",2,124,"a5c078c4bde37abb3776317e5721940e705ab6e83f65d0fa836a90551c43e8ac",738304,PPBENCH,bench-nds-hw-arm-canvas-o2,touch_create_and_drag,225,1487354,6610,28,103463,0,0,d8635f64,1
"melonds","canvas-arm-o2",2,124,"a5c078c4bde37abb3776317e5721940e705ab6e83f65d0fa836a90551c43e8ac",738304,PPBENCH,bench-nds-hw-arm-canvas-o2,hit_test,600,914710,1524,1152,2997,0,0,d82df0ac,1
"melonds","canvas-arm-o2",2,124,"a5c078c4bde37abb3776317e5721940e705ab6e83f65d0fa836a90551c43e8ac",738304,PPBENCH,bench-nds-hw-arm-canvas-o2,physics_step,240,31284798,130353,99327,192282,558566,0,8c4d9050,1
"melonds","canvas-arm-o2",2,124,"a5c078c4bde37abb3776317e5721940e705ab6e83f65d0fa836a90551c43e8ac",738304,PPBENCH,bench-nds-hw-arm-canvas-o2,render_frame,240,102259123,426079,39952,460285,558566,0,8c4d9050,1
"melonds","canvas-arm-o2",2,124,"a5c078c4bde37abb3776317e5721940e705ab6e83f65d0fa836a90551c43e8ac",738304,PPBENCH,bench-nds-hw-arm-canvas-o2,render_begin,240,125883,524,524,525,558566,0,8c4d9050,1
"melonds","canvas-arm-o2",2,124,"a5c078c4bde37abb3776317e5721940e705ab6e83f65d0fa836a90551c43e8ac",738304,PPBENCH,bench-nds-hw-arm-canvas-o2,render_canvas,240,102106120,425442,39315,459648,558566,0,8c4d9050,1
"melonds","canvas-arm-o2",2,124,"a5c078c4bde37abb3776317e5721940e705ab6e83f65d0fa836a90551c43e8ac",738304,PPBENCH,bench-nds-hw-arm-canvas-o2,render_end,240,8160,34,34,34,558566,0,8c4d9050,1
"melonds","canvas-arm-o2",2,124,"a5c078c4bde37abb3776317e5721940e705ab6e83f65d0fa836a90551c43e8ac",738304,PPBENCH,bench-nds-hw-arm-canvas-o2,frame_total,240,133577689,556573,146341,559824,558566,228,8c4d9050,1
"melonds","canvas-arm-o2",2,124,"a5c078c4bde37abb3776317e5721940e705ab6e83f65d0fa836a90551c43e8ac",738304,PPBENCH,bench-nds-hw-arm-canvas-o2,frame_over_1pct_count,1,0,0,0,0,0,0,8c4d9050,1
"melonds","canvas-arm-o2",2,124,"a5c078c4bde37abb3776317e5721940e705ab6e83f65d0fa836a90551c43e8ac",738304,PPBENCH,bench-nds-hw-arm-canvas-o2,frame_over_2x_count,1,0,0,0,0,0,0,8c4d9050,1
"melonds","canvas-arm-o2",2,124,"a5c078c4bde37abb3776317e5721940e705ab6e83f65d0fa836a90551c43e8ac",738304,PPBENCH,bench-nds-hw-arm-canvas-o2,visible_things_rendered,1,5166,5166,5166,5166,0,0,8c4d9050,1
"melonds","canvas-arm-o2",2,124,"a5c078c4bde37abb3776317e5721940e705ab6e83f65d0fa836a90551c43e8ac",738304,PPBENCH,bench-nds-hw-arm-canvas-o2,line_quads_rendered,1,22549,22549,22549,22549,0,0,8c4d9050,1
"melonds","canvas-arm-o2",2,124,"a5c078c4bde37abb3776317e5721940e705ab6e83f65d0fa836a90551c43e8ac",738304,PPBENCH,bench-nds-hw-arm-canvas-o2,things_final,1,27,27,27,27,0,0,8c4d9050,1
"melonds","canvas-arm-o2",2,124,"a5c078c4bde37abb3776317e5721940e705ab6e83f65d0fa836a90551c43e8ac",738304,PPBENCH,bench-nds-hw-arm-canvas-o2,behavior_pass,1,1,1,1,1,0,0,8c4d9050,1
"melonds","canvas-arm-o2",2,124,"a5c078c4bde37abb3776317e5721940e705ab6e83f65d0fa836a90551c43e8ac",738304,PPBENCH,bench-nds-hw-arm-canvas-o2,hit_test_heap_fixed_pass,1,1,1,1,1,0,0,d82df0ac,1
"melonds","canvas-arm-o2",2,124,"a5c078c4bde37abb3776317e5721940e705ab6e83f65d0fa836a90551c43e8ac",738304,PPBENCH,bench-nds-hw-arm-canvas-o2,overall_pass,1,1,1,1,1,0,0,8c4d9050,1
"melonds","canvas-thumb-o2",1,124,"40df58eb5e2c2bae5043dda51bb4868629174fdd8d0554cf888905f1d8dee320",737280,PPBENCH,bench-nds-hw-arm-canvas-thumb-o2,benchmark_started,1,1,1,1,1,0,0,00000000,1
"melonds","canvas-thumb-o2",1,124,"40df58eb5e2c2bae5043dda51bb4868629174fdd8d0554cf888905f1d8dee320",737280,PPBENCH,bench-nds-hw-arm-canvas-thumb-o2,file_output_ready,1,0,0,0,0,0,0,00000000,1
"melonds","canvas-thumb-o2",1,124,"40df58eb5e2c2bae5043dda51bb4868629174fdd8d0554cf888905f1d8dee320",737280,PPBENCH,bench-nds-hw-arm-canvas-thumb-o2,timer_read_overhead_ticks,1,13,13,13,13,0,0,00000000,1
"melonds","canvas-thumb-o2",1,124,"40df58eb5e2c2bae5043dda51bb4868629174fdd8d0554cf888905f1d8dee320",737280,PPBENCH,bench-nds-hw-arm-canvas-thumb-o2,scene_things_created,1,27,27,27,27,0,0,d8635f64,1
"melonds","canvas-thumb-o2",1,124,"40df58eb5e2c2bae5043dda51bb4868629174fdd8d0554cf888905f1d8dee320",737280,PPBENCH,bench-nds-hw-arm-canvas-thumb-o2,scene_position_sum_x,1,2995,2995,2995,2995,0,0,d8635f64,1
"melonds","canvas-thumb-o2",1,124,"40df58eb5e2c2bae5043dda51bb4868629174fdd8d0554cf888905f1d8dee320",737280,PPBENCH,bench-nds-hw-arm-canvas-thumb-o2,scene_position_sum_y,1,1943,1943,1943,1943,0,0,d8635f64,1
"melonds","canvas-thumb-o2",1,124,"40df58eb5e2c2bae5043dda51bb4868629174fdd8d0554cf888905f1d8dee320",737280,PPBENCH,bench-nds-hw-arm-canvas-thumb-o2,hit_test_heap_delta_bytes,1,0,0,0,0,0,0,d82df0ac,1
"melonds","canvas-thumb-o2",1,124,"40df58eb5e2c2bae5043dda51bb4868629174fdd8d0554cf888905f1d8dee320",737280,PPBENCH,bench-nds-hw-arm-canvas-thumb-o2,touch_create_and_drag,225,1499280,6663,28,104056,0,0,d8635f64,1
"melonds","canvas-thumb-o2",1,124,"40df58eb5e2c2bae5043dda51bb4868629174fdd8d0554cf888905f1d8dee320",737280,PPBENCH,bench-nds-hw-arm-canvas-thumb-o2,hit_test,600,914724,1524,1152,2938,0,0,d82df0ac,1
"melonds","canvas-thumb-o2",1,124,"40df58eb5e2c2bae5043dda51bb4868629174fdd8d0554cf888905f1d8dee320",737280,PPBENCH,bench-nds-hw-arm-canvas-thumb-o2,physics_step,240,31296127,130400,99374,192360,558566,0,8c4d9050,1
"melonds","canvas-thumb-o2",1,124,"40df58eb5e2c2bae5043dda51bb4868629174fdd8d0554cf888905f1d8dee320",737280,PPBENCH,bench-nds-hw-arm-canvas-thumb-o2,render_frame,240,102144482,425602,45845,460237,558566,0,8c4d9050,1
"melonds","canvas-thumb-o2",1,124,"40df58eb5e2c2bae5043dda51bb4868629174fdd8d0554cf888905f1d8dee320",737280,PPBENCH,bench-nds-hw-arm-canvas-thumb-o2,render_begin,240,127200,530,530,530,558566,0,8c4d9050,1
"melonds","canvas-thumb-o2",1,124,"40df58eb5e2c2bae5043dda51bb4868629174fdd8d0554cf888905f1d8dee320",737280,PPBENCH,bench-nds-hw-arm-canvas-thumb-o2,render_canvas,240,101990162,424959,45202,459594,558566,0,8c4d9050,1
"melonds","canvas-thumb-o2",1,124,"40df58eb5e2c2bae5043dda51bb4868629174fdd8d0554cf888905f1d8dee320",737280,PPBENCH,bench-nds-hw-arm-canvas-thumb-o2,render_end,240,8160,34,34,34,558566,0,8c4d9050,1
"melonds","canvas-thumb-o2",1,124,"40df58eb5e2c2bae5043dda51bb4868629174fdd8d0554cf888905f1d8dee320",737280,PPBENCH,bench-nds-hw-arm-canvas-thumb-o2,frame_total,240,133474661,556144,152282,559811,558566,227,8c4d9050,1
"melonds","canvas-thumb-o2",1,124,"40df58eb5e2c2bae5043dda51bb4868629174fdd8d0554cf888905f1d8dee320",737280,PPBENCH,bench-nds-hw-arm-canvas-thumb-o2,frame_over_1pct_count,1,0,0,0,0,0,0,8c4d9050,1
"melonds","canvas-thumb-o2",1,124,"40df58eb5e2c2bae5043dda51bb4868629174fdd8d0554cf888905f1d8dee320",737280,PPBENCH,bench-nds-hw-arm-canvas-thumb-o2,frame_over_2x_count,1,0,0,0,0,0,0,8c4d9050,1
"melonds","canvas-thumb-o2",1,124,"40df58eb5e2c2bae5043dda51bb4868629174fdd8d0554cf888905f1d8dee320",737280,PPBENCH,bench-nds-hw-arm-canvas-thumb-o2,visible_things_rendered,1,5166,5166,5166,5166,0,0,8c4d9050,1
"melonds","canvas-thumb-o2",1,124,"40df58eb5e2c2bae5043dda51bb4868629174fdd8d0554cf888905f1d8dee320",737280,PPBENCH,bench-nds-hw-arm-canvas-thumb-o2,line_quads_rendered,1,22549,22549,22549,22549,0,0,8c4d9050,1
"melonds","canvas-thumb-o2",1,124,"40df58eb5e2c2bae5043dda51bb4868629174fdd8d0554cf888905f1d8dee320",737280,PPBENCH,bench-nds-hw-arm-canvas-thumb-o2,things_final,1,27,27,27,27,0,0,8c4d9050,1
"melonds","canvas-thumb-o2",1,124,"40df58eb5e2c2bae5043dda51bb4868629174fdd8d0554cf888905f1d8dee320",737280,PPBENCH,bench-nds-hw-arm-canvas-thumb-o2,behavior_pass,1,1,1,1,1,0,0,8c4d9050,1
"melonds","canvas-thumb-o2",1,124,"40df58eb5e2c2bae5043dda51bb4868629174fdd8d0554cf888905f1d8dee320",737280,PPBENCH,bench-nds-hw-arm-canvas-thumb-o2,hit_test_heap_fixed_pass,1,1,1,1,1,0,0,d82df0ac,1
"melonds","canvas-thumb-o2",1,124,"40df58eb5e2c2bae5043dda51bb4868629174fdd8d0554cf888905f1d8dee320",737280,PPBENCH,bench-nds-hw-arm-canvas-thumb-o2,overall_pass,1,1,1,1,1,0,0,8c4d9050,1
"melonds","canvas-thumb-o2",2,124,"40df58eb5e2c2bae5043dda51bb4868629174fdd8d0554cf888905f1d8dee320",737280,PPBENCH,bench-nds-hw-arm-canvas-thumb-o2,benchmark_started,1,1,1,1,1,0,0,00000000,1
"melonds","canvas-thumb-o2",2,124,"40df58eb5e2c2bae5043dda51bb4868629174fdd8d0554cf888905f1d8dee320",737280,PPBENCH,bench-nds-hw-arm-canvas-thumb-o2,file_output_ready,1,0,0,0,0,0,0,00000000,1
"melonds","canvas-thumb-o2",2,124,"40df58eb5e2c2bae5043dda51bb4868629174fdd8d0554cf888905f1d8dee320",737280,PPBENCH,bench-nds-hw-arm-canvas-thumb-o2,timer_read_overhead_ticks,1,13,13,13,13,0,0,00000000,1
"melonds","canvas-thumb-o2",2,124,"40df58eb5e2c2bae5043dda51bb4868629174fdd8d0554cf888905f1d8dee320",737280,PPBENCH,bench-nds-hw-arm-canvas-thumb-o2,scene_things_created,1,27,27,27,27,0,0,d8635f64,1
"melonds","canvas-thumb-o2",2,124,"40df58eb5e2c2bae5043dda51bb4868629174fdd8d0554cf888905f1d8dee320",737280,PPBENCH,bench-nds-hw-arm-canvas-thumb-o2,scene_position_sum_x,1,2995,2995,2995,2995,0,0,d8635f64,1
"melonds","canvas-thumb-o2",2,124,"40df58eb5e2c2bae5043dda51bb4868629174fdd8d0554cf888905f1d8dee320",737280,PPBENCH,bench-nds-hw-arm-canvas-thumb-o2,scene_position_sum_y,1,1943,1943,1943,1943,0,0,d8635f64,1
"melonds","canvas-thumb-o2",2,124,"40df58eb5e2c2bae5043dda51bb4868629174fdd8d0554cf888905f1d8dee320",737280,PPBENCH,bench-nds-hw-arm-canvas-thumb-o2,hit_test_heap_delta_bytes,1,0,0,0,0,0,0,d82df0ac,1
"melonds","canvas-thumb-o2",2,124,"40df58eb5e2c2bae5043dda51bb4868629174fdd8d0554cf888905f1d8dee320",737280,PPBENCH,bench-nds-hw-arm-canvas-thumb-o2,touch_create_and_drag,225,1499280,6663,28,104056,0,0,d8635f64,1
"melonds","canvas-thumb-o2",2,124,"40df58eb5e2c2bae5043dda51bb4868629174fdd8d0554cf888905f1d8dee320",737280,PPBENCH,bench-nds-hw-arm-canvas-thumb-o2,hit_test,600,914724,1524,1152,2938,0,0,d82df0ac,1
"melonds","canvas-thumb-o2",2,124,"40df58eb5e2c2bae5043dda51bb4868629174fdd8d0554cf888905f1d8dee320",737280,PPBENCH,bench-nds-hw-arm-canvas-thumb-o2,physics_step,240,31296127,130400,99374,192360,558566,0,8c4d9050,1
"melonds","canvas-thumb-o2",2,124,"40df58eb5e2c2bae5043dda51bb4868629174fdd8d0554cf888905f1d8dee320",737280,PPBENCH,bench-nds-hw-arm-canvas-thumb-o2,render_frame,240,102144482,425602,45845,460237,558566,0,8c4d9050,1
"melonds","canvas-thumb-o2",2,124,"40df58eb5e2c2bae5043dda51bb4868629174fdd8d0554cf888905f1d8dee320",737280,PPBENCH,bench-nds-hw-arm-canvas-thumb-o2,render_begin,240,127200,530,530,530,558566,0,8c4d9050,1
"melonds","canvas-thumb-o2",2,124,"40df58eb5e2c2bae5043dda51bb4868629174fdd8d0554cf888905f1d8dee320",737280,PPBENCH,bench-nds-hw-arm-canvas-thumb-o2,render_canvas,240,101990162,424959,45202,459594,558566,0,8c4d9050,1
"melonds","canvas-thumb-o2",2,124,"40df58eb5e2c2bae5043dda51bb4868629174fdd8d0554cf888905f1d8dee320",737280,PPBENCH,bench-nds-hw-arm-canvas-thumb-o2,render_end,240,8160,34,34,34,558566,0,8c4d9050,1
"melonds","canvas-thumb-o2",2,124,"40df58eb5e2c2bae5043dda51bb4868629174fdd8d0554cf888905f1d8dee320",737280,PPBENCH,bench-nds-hw-arm-canvas-thumb-o2,frame_total,240,133474661,556144,152282,559811,558566,227,8c4d9050,1
"melonds","canvas-thumb-o2",2,124,"40df58eb5e2c2bae5043dda51bb4868629174fdd8d0554cf888905f1d8dee320",737280,PPBENCH,bench-nds-hw-arm-canvas-thumb-o2,frame_over_1pct_count,1,0,0,0,0,0,0,8c4d9050,1
"melonds","canvas-thumb-o2",2,124,"40df58eb5e2c2bae5043dda51bb4868629174fdd8d0554cf888905f1d8dee320",737280,PPBENCH,bench-nds-hw-arm-canvas-thumb-o2,frame_over_2x_count,1,0,0,0,0,0,0,8c4d9050,1
"melonds","canvas-thumb-o2",2,124,"40df58eb5e2c2bae5043dda51bb4868629174fdd8d0554cf888905f1d8dee320",737280,PPBENCH,bench-nds-hw-arm-canvas-thumb-o2,visible_things_rendered,1,5166,5166,5166,5166,0,0,8c4d9050,1
"melonds","canvas-thumb-o2",2,124,"40df58eb5e2c2bae5043dda51bb4868629174fdd8d0554cf888905f1d8dee320",737280,PPBENCH,bench-nds-hw-arm-canvas-thumb-o2,line_quads_rendered,1,22549,22549,22549,22549,0,0,8c4d9050,1
"melonds","canvas-thumb-o2",2,124,"40df58eb5e2c2bae5043dda51bb4868629174fdd8d0554cf888905f1d8dee320",737280,PPBENCH,bench-nds-hw-arm-canvas-thumb-o2,things_final,1,27,27,27,27,0,0,8c4d9050,1
"melonds","canvas-thumb-o2",2,124,"40df58eb5e2c2bae5043dda51bb4868629174fdd8d0554cf888905f1d8dee320",737280,PPBENCH,bench-nds-hw-arm-canvas-thumb-o2,behavior_pass,1,1,1,1,1,0,0,8c4d9050,1
"melonds","canvas-thumb-o2",2,124,"40df58eb5e2c2bae5043dda51bb4868629174fdd8d0554cf888905f1d8dee320",737280,PPBENCH,bench-nds-hw-arm-canvas-thumb-o2,hit_test_heap_fixed_pass,1,1,1,1,1,0,0,d82df0ac,1
"melonds","canvas-thumb-o2",2,124,"40df58eb5e2c2bae5043dda51bb4868629174fdd8d0554cf888905f1d8dee320",737280,PPBENCH,bench-nds-hw-arm-canvas-thumb-o2,overall_pass,1,1,1,1,1,0,0,8c4d9050,1
"melonds","reciprocal",1,124,"8e0aac4cb28acd5dc417f480c6b6c10f67db93b19119c78d493e7a42a0dd4e03",739328,PPBENCH,bench-nds-hw-arm-reciprocal,benchmark_started,1,1,1,1,1,0,0,00000000,1
"melonds","reciprocal",1,124,"8e0aac4cb28acd5dc417f480c6b6c10f67db93b19119c78d493e7a42a0dd4e03",739328,PPBENCH,bench-nds-hw-arm-reciprocal,file_output_ready,1,0,0,0,0,0,0,00000000,1
"melonds","reciprocal",1,124,"8e0aac4cb28acd5dc417f480c6b6c10f67db93b19119c78d493e7a42a0dd4e03",739328,PPBENCH,bench-nds-hw-arm-reciprocal,timer_read_overhead_ticks,1,14,14,14,14,0,0,00000000,1
"melonds","reciprocal",1,124,"8e0aac4cb28acd5dc417f480c6b6c10f67db93b19119c78d493e7a42a0dd4e03",739328,PPBENCH,bench-nds-hw-arm-reciprocal,scene_things_created,1,27,27,27,27,0,0,d8635f64,1
"melonds","reciprocal",1,124,"8e0aac4cb28acd5dc417f480c6b6c10f67db93b19119c78d493e7a42a0dd4e03",739328,PPBENCH,bench-nds-hw-arm-reciprocal,scene_position_sum_x,1,2995,2995,2995,2995,0,0,d8635f64,1
"melonds","reciprocal",1,124,"8e0aac4cb28acd5dc417f480c6b6c10f67db93b19119c78d493e7a42a0dd4e03",739328,PPBENCH,bench-nds-hw-arm-reciprocal,scene_position_sum_y,1,1943,1943,1943,1943,0,0,d8635f64,1
"melonds","reciprocal",1,124,"8e0aac4cb28acd5dc417f480c6b6c10f67db93b19119c78d493e7a42a0dd4e03",739328,PPBENCH,bench-nds-hw-arm-reciprocal,hit_test_heap_delta_bytes,1,0,0,0,0,0,0,d82df0ac,1
"melonds","reciprocal",1,124,"8e0aac4cb28acd5dc417f480c6b6c10f67db93b19119c78d493e7a42a0dd4e03",739328,PPBENCH,bench-nds-hw-arm-reciprocal,touch_create_and_drag,225,1488262,6614,28,103143,0,0,d8635f64,1
"melonds","reciprocal",1,124,"8e0aac4cb28acd5dc417f480c6b6c10f67db93b19119c78d493e7a42a0dd4e03",739328,PPBENCH,bench-nds-hw-arm-reciprocal,hit_test,600,947529,1579,1236,3125,0,0,d82df0ac,1
"melonds","reciprocal",1,124,"8e0aac4cb28acd5dc417f480c6b6c10f67db93b19119c78d493e7a42a0dd4e03",739328,PPBENCH,bench-nds-hw-arm-reciprocal,physics_step,240,31345208,130605,99641,192414,558566,0,8c4d9050,1
"melonds","reciprocal",1,124,"8e0aac4cb28acd5dc417f480c6b6c10f67db93b19119c78d493e7a42a0dd4e03",739328,PPBENCH,bench-nds-hw-arm-reciprocal,render_frame,240,102158467,425660,33553,459998,558566,0,8c4d9050,1
"melonds","reciprocal",1,124,"8e0aac4cb28acd5dc417f480c6b6c10f67db93b19119c78d493e7a42a0dd4e03",739328,PPBENCH,bench-nds-hw-arm-reciprocal,render_begin,240,126361,526,526,527,558566,0,8c4d9050,1
"melonds","reciprocal",1,124,"8e0aac4cb28acd5dc417f480c6b6c10f67db93b19119c78d493e7a42a0dd4e03",739328,PPBENCH,bench-nds-hw-arm-reciprocal,render_canvas,240,102004252,425017,32910,459355,558566,0,8c4d9050,1
"melonds","reciprocal",1,124,"8e0aac4cb28acd5dc417f480c6b6c10f67db93b19119c78d493e7a42a0dd4e03",739328,PPBENCH,bench-nds-hw-arm-reciprocal,render_end,240,8640,36,36,36,558566,0,8c4d9050,1
"melonds","reciprocal",1,124,"8e0aac4cb28acd5dc417f480c6b6c10f67db93b19119c78d493e7a42a0dd4e03",739328,PPBENCH,bench-nds-hw-arm-reciprocal,frame_total,240,133538785,556411,139957,559831,558566,231,8c4d9050,1
"melonds","reciprocal",1,124,"8e0aac4cb28acd5dc417f480c6b6c10f67db93b19119c78d493e7a42a0dd4e03",739328,PPBENCH,bench-nds-hw-arm-reciprocal,frame_over_1pct_count,1,0,0,0,0,0,0,8c4d9050,1
"melonds","reciprocal",1,124,"8e0aac4cb28acd5dc417f480c6b6c10f67db93b19119c78d493e7a42a0dd4e03",739328,PPBENCH,bench-nds-hw-arm-reciprocal,frame_over_2x_count,1,0,0,0,0,0,0,8c4d9050,1
"melonds","reciprocal",1,124,"8e0aac4cb28acd5dc417f480c6b6c10f67db93b19119c78d493e7a42a0dd4e03",739328,PPBENCH,bench-nds-hw-arm-reciprocal,visible_things_rendered,1,5166,5166,5166,5166,0,0,8c4d9050,1
"melonds","reciprocal",1,124,"8e0aac4cb28acd5dc417f480c6b6c10f67db93b19119c78d493e7a42a0dd4e03",739328,PPBENCH,bench-nds-hw-arm-reciprocal,line_quads_rendered,1,22549,22549,22549,22549,0,0,8c4d9050,1
"melonds","reciprocal",1,124,"8e0aac4cb28acd5dc417f480c6b6c10f67db93b19119c78d493e7a42a0dd4e03",739328,PPBENCH,bench-nds-hw-arm-reciprocal,things_final,1,27,27,27,27,0,0,8c4d9050,1
"melonds","reciprocal",1,124,"8e0aac4cb28acd5dc417f480c6b6c10f67db93b19119c78d493e7a42a0dd4e03",739328,PPBENCH,bench-nds-hw-arm-reciprocal,behavior_pass,1,1,1,1,1,0,0,8c4d9050,1
"melonds","reciprocal",1,124,"8e0aac4cb28acd5dc417f480c6b6c10f67db93b19119c78d493e7a42a0dd4e03",739328,PPBENCH,bench-nds-hw-arm-reciprocal,hit_test_heap_fixed_pass,1,1,1,1,1,0,0,d82df0ac,1
"melonds","reciprocal",1,124,"8e0aac4cb28acd5dc417f480c6b6c10f67db93b19119c78d493e7a42a0dd4e03",739328,PPBENCH,bench-nds-hw-arm-reciprocal,overall_pass,1,1,1,1,1,0,0,8c4d9050,1
"melonds","reciprocal",2,124,"8e0aac4cb28acd5dc417f480c6b6c10f67db93b19119c78d493e7a42a0dd4e03",739328,PPBENCH,bench-nds-hw-arm-reciprocal,benchmark_started,1,1,1,1,1,0,0,00000000,1
"melonds","reciprocal",2,124,"8e0aac4cb28acd5dc417f480c6b6c10f67db93b19119c78d493e7a42a0dd4e03",739328,PPBENCH,bench-nds-hw-arm-reciprocal,file_output_ready,1,0,0,0,0,0,0,00000000,1
"melonds","reciprocal",2,124,"8e0aac4cb28acd5dc417f480c6b6c10f67db93b19119c78d493e7a42a0dd4e03",739328,PPBENCH,bench-nds-hw-arm-reciprocal,timer_read_overhead_ticks,1,14,14,14,14,0,0,00000000,1
"melonds","reciprocal",2,124,"8e0aac4cb28acd5dc417f480c6b6c10f67db93b19119c78d493e7a42a0dd4e03",739328,PPBENCH,bench-nds-hw-arm-reciprocal,scene_things_created,1,27,27,27,27,0,0,d8635f64,1
"melonds","reciprocal",2,124,"8e0aac4cb28acd5dc417f480c6b6c10f67db93b19119c78d493e7a42a0dd4e03",739328,PPBENCH,bench-nds-hw-arm-reciprocal,scene_position_sum_x,1,2995,2995,2995,2995,0,0,d8635f64,1
"melonds","reciprocal",2,124,"8e0aac4cb28acd5dc417f480c6b6c10f67db93b19119c78d493e7a42a0dd4e03",739328,PPBENCH,bench-nds-hw-arm-reciprocal,scene_position_sum_y,1,1943,1943,1943,1943,0,0,d8635f64,1
"melonds","reciprocal",2,124,"8e0aac4cb28acd5dc417f480c6b6c10f67db93b19119c78d493e7a42a0dd4e03",739328,PPBENCH,bench-nds-hw-arm-reciprocal,hit_test_heap_delta_bytes,1,0,0,0,0,0,0,d82df0ac,1
"melonds","reciprocal",2,124,"8e0aac4cb28acd5dc417f480c6b6c10f67db93b19119c78d493e7a42a0dd4e03",739328,PPBENCH,bench-nds-hw-arm-reciprocal,touch_create_and_drag,225,1488262,6614,28,103143,0,0,d8635f64,1
"melonds","reciprocal",2,124,"8e0aac4cb28acd5dc417f480c6b6c10f67db93b19119c78d493e7a42a0dd4e03",739328,PPBENCH,bench-nds-hw-arm-reciprocal,hit_test,600,947529,1579,1236,3125,0,0,d82df0ac,1
"melonds","reciprocal",2,124,"8e0aac4cb28acd5dc417f480c6b6c10f67db93b19119c78d493e7a42a0dd4e03",739328,PPBENCH,bench-nds-hw-arm-reciprocal,physics_step,240,31345208,130605,99641,192414,558566,0,8c4d9050,1
"melonds","reciprocal",2,124,"8e0aac4cb28acd5dc417f480c6b6c10f67db93b19119c78d493e7a42a0dd4e03",739328,PPBENCH,bench-nds-hw-arm-reciprocal,render_frame,240,102158467,425660,33553,459998,558566,0,8c4d9050,1
"melonds","reciprocal",2,124,"8e0aac4cb28acd5dc417f480c6b6c10f67db93b19119c78d493e7a42a0dd4e03",739328,PPBENCH,bench-nds-hw-arm-reciprocal,render_begin,240,126361,526,526,527,558566,0,8c4d9050,1
"melonds","reciprocal",2,124,"8e0aac4cb28acd5dc417f480c6b6c10f67db93b19119c78d493e7a42a0dd4e03",739328,PPBENCH,bench-nds-hw-arm-reciprocal,render_canvas,240,102004252,425017,32910,459355,558566,0,8c4d9050,1
"melonds","reciprocal",2,124,"8e0aac4cb28acd5dc417f480c6b6c10f67db93b19119c78d493e7a42a0dd4e03",739328,PPBENCH,bench-nds-hw-arm-reciprocal,render_end,240,8640,36,36,36,558566,0,8c4d9050,1
"melonds","reciprocal",2,124,"8e0aac4cb28acd5dc417f480c6b6c10f67db93b19119c78d493e7a42a0dd4e03",739328,PPBENCH,bench-nds-hw-arm-reciprocal,frame_total,240,133538785,556411,139957,559831,558566,231,8c4d9050,1
"melonds","reciprocal",2,124,"8e0aac4cb28acd5dc417f480c6b6c10f67db93b19119c78d493e7a42a0dd4e03",739328,PPBENCH,bench-nds-hw-arm-reciprocal,frame_over_1pct_count,1,0,0,0,0,0,0,8c4d9050,1
"melonds","reciprocal",2,124,"8e0aac4cb28acd5dc417f480c6b6c10f67db93b19119c78d493e7a42a0dd4e03",739328,PPBENCH,bench-nds-hw-arm-reciprocal,frame_over_2x_count,1,0,0,0,0,0,0,8c4d9050,1
"melonds","reciprocal",2,124,"8e0aac4cb28acd5dc417f480c6b6c10f67db93b19119c78d493e7a42a0dd4e03",739328,PPBENCH,bench-nds-hw-arm-reciprocal,visible_things_rendered,1,5166,5166,5166,5166,0,0,8c4d9050,1
"melonds","reciprocal",2,124,"8e0aac4cb28acd5dc417f480c6b6c10f67db93b19119c78d493e7a42a0dd4e03",739328,PPBENCH,bench-nds-hw-arm-reciprocal,line_quads_rendered,1,22549,22549,22549,22549,0,0,8c4d9050,1
"melonds","reciprocal",2,124,"8e0aac4cb28acd5dc417f480c6b6c10f67db93b19119c78d493e7a42a0dd4e03",739328,PPBENCH,bench-nds-hw-arm-reciprocal,things_final,1,27,27,27,27,0,0,8c4d9050,1
"melonds","reciprocal",2,124,"8e0aac4cb28acd5dc417f480c6b6c10f67db93b19119c78d493e7a42a0dd4e03",739328,PPBENCH,bench-nds-hw-arm-reciprocal,behavior_pass,1,1,1,1,1,0,0,8c4d9050,1
"melonds","reciprocal",2,124,"8e0aac4cb28acd5dc417f480c6b6c10f67db93b19119c78d493e7a42a0dd4e03",739328,PPBENCH,bench-nds-hw-arm-reciprocal,hit_test_heap_fixed_pass,1,1,1,1,1,0,0,d82df0ac,1
"melonds","reciprocal",2,124,"8e0aac4cb28acd5dc417f480c6b6c10f67db93b19119c78d493e7a42a0dd4e03",739328,PPBENCH,bench-nds-hw-arm-reciprocal,overall_pass,1,1,1,1,1,0,0,8c4d9050,1
"melonds","length",1,124,"a4267fe1f6dd0f52500f9ec4a5d56570f7c4cf4b5533282b3db1d11e920846d4",737280,PPBENCH,bench-nds-hw-arm-backport-length,benchmark_started,1,1,1,1,1,0,0,00000000,1
"melonds","length",1,124,"a4267fe1f6dd0f52500f9ec4a5d56570f7c4cf4b5533282b3db1d11e920846d4",737280,PPBENCH,bench-nds-hw-arm-backport-length,file_output_ready,1,0,0,0,0,0,0,00000000,1
"melonds","length",1,124,"a4267fe1f6dd0f52500f9ec4a5d56570f7c4cf4b5533282b3db1d11e920846d4",737280,PPBENCH,bench-nds-hw-arm-backport-length,timer_read_overhead_ticks,1,13,13,13,13,0,0,00000000,1
"melonds","length",1,124,"a4267fe1f6dd0f52500f9ec4a5d56570f7c4cf4b5533282b3db1d11e920846d4",737280,PPBENCH,bench-nds-hw-arm-backport-length,scene_things_created,1,27,27,27,27,0,0,d8635f64,1
"melonds","length",1,124,"a4267fe1f6dd0f52500f9ec4a5d56570f7c4cf4b5533282b3db1d11e920846d4",737280,PPBENCH,bench-nds-hw-arm-backport-length,scene_position_sum_x,1,2995,2995,2995,2995,0,0,d8635f64,1
"melonds","length",1,124,"a4267fe1f6dd0f52500f9ec4a5d56570f7c4cf4b5533282b3db1d11e920846d4",737280,PPBENCH,bench-nds-hw-arm-backport-length,scene_position_sum_y,1,1943,1943,1943,1943,0,0,d8635f64,1
"melonds","length",1,124,"a4267fe1f6dd0f52500f9ec4a5d56570f7c4cf4b5533282b3db1d11e920846d4",737280,PPBENCH,bench-nds-hw-arm-backport-length,hit_test_heap_delta_bytes,1,0,0,0,0,0,0,d82df0ac,1
"melonds","length",1,124,"a4267fe1f6dd0f52500f9ec4a5d56570f7c4cf4b5533282b3db1d11e920846d4",737280,PPBENCH,bench-nds-hw-arm-backport-length,touch_create_and_drag,225,1402319,6232,28,96164,0,0,d8635f64,1
"melonds","length",1,124,"a4267fe1f6dd0f52500f9ec4a5d56570f7c4cf4b5533282b3db1d11e920846d4",737280,PPBENCH,bench-nds-hw-arm-backport-length,hit_test,600,951756,1586,1215,3189,0,0,d82df0ac,1
"melonds","length",1,124,"a4267fe1f6dd0f52500f9ec4a5d56570f7c4cf4b5533282b3db1d11e920846d4",737280,PPBENCH,bench-nds-hw-arm-backport-length,physics_step,240,28558234,118992,91792,175650,558566,0,8c4d9050,1
"melonds","length",1,124,"a4267fe1f6dd0f52500f9ec4a5d56570f7c4cf4b5533282b3db1d11e920846d4",737280,PPBENCH,bench-nds-hw-arm-backport-length,render_frame,240,104950110,437292,36320,467906,558566,0,8c4d9050,1
"melonds","length",1,124,"a4267fe1f6dd0f52500f9ec4a5d56570f7c4cf4b5533282b3db1d11e920846d4",737280,PPBENCH,bench-nds-hw-arm-backport-length,render_begin,240,126960,529,529,529,558566,0,8c4d9050,1
"melonds","length",1,124,"a4267fe1f6dd0f52500f9ec4a5d56570f7c4cf4b5533282b3db1d11e920846d4",737280,PPBENCH,bench-nds-hw-arm-backport-length,render_canvas,240,104795550,436648,35676,467262,558566,0,8c4d9050,1
"melonds","length",1,124,"a4267fe1f6dd0f52500f9ec4a5d56570f7c4cf4b5533282b3db1d11e920846d4",737280,PPBENCH,bench-nds-hw-arm-backport-length,render_end,240,8400,35,35,35,558566,0,8c4d9050,1
"melonds","length",1,124,"a4267fe1f6dd0f52500f9ec4a5d56570f7c4cf4b5533282b3db1d11e920846d4",737280,PPBENCH,bench-nds-hw-arm-backport-length,frame_total,240,133543483,556431,132798,559798,558566,228,8c4d9050,1
"melonds","length",1,124,"a4267fe1f6dd0f52500f9ec4a5d56570f7c4cf4b5533282b3db1d11e920846d4",737280,PPBENCH,bench-nds-hw-arm-backport-length,frame_over_1pct_count,1,0,0,0,0,0,0,8c4d9050,1
"melonds","length",1,124,"a4267fe1f6dd0f52500f9ec4a5d56570f7c4cf4b5533282b3db1d11e920846d4",737280,PPBENCH,bench-nds-hw-arm-backport-length,frame_over_2x_count,1,0,0,0,0,0,0,8c4d9050,1
"melonds","length",1,124,"a4267fe1f6dd0f52500f9ec4a5d56570f7c4cf4b5533282b3db1d11e920846d4",737280,PPBENCH,bench-nds-hw-arm-backport-length,visible_things_rendered,1,5166,5166,5166,5166,0,0,8c4d9050,1
"melonds","length",1,124,"a4267fe1f6dd0f52500f9ec4a5d56570f7c4cf4b5533282b3db1d11e920846d4",737280,PPBENCH,bench-nds-hw-arm-backport-length,line_quads_rendered,1,22549,22549,22549,22549,0,0,8c4d9050,1
"melonds","length",1,124,"a4267fe1f6dd0f52500f9ec4a5d56570f7c4cf4b5533282b3db1d11e920846d4",737280,PPBENCH,bench-nds-hw-arm-backport-length,things_final,1,27,27,27,27,0,0,8c4d9050,1
"melonds","length",1,124,"a4267fe1f6dd0f52500f9ec4a5d56570f7c4cf4b5533282b3db1d11e920846d4",737280,PPBENCH,bench-nds-hw-arm-backport-length,behavior_pass,1,1,1,1,1,0,0,8c4d9050,1
"melonds","length",1,124,"a4267fe1f6dd0f52500f9ec4a5d56570f7c4cf4b5533282b3db1d11e920846d4",737280,PPBENCH,bench-nds-hw-arm-backport-length,hit_test_heap_fixed_pass,1,1,1,1,1,0,0,d82df0ac,1
"melonds","length",1,124,"a4267fe1f6dd0f52500f9ec4a5d56570f7c4cf4b5533282b3db1d11e920846d4",737280,PPBENCH,bench-nds-hw-arm-backport-length,overall_pass,1,1,1,1,1,0,0,8c4d9050,1
"melonds","length",2,124,"a4267fe1f6dd0f52500f9ec4a5d56570f7c4cf4b5533282b3db1d11e920846d4",737280,PPBENCH,bench-nds-hw-arm-backport-length,benchmark_started,1,1,1,1,1,0,0,00000000,1
"melonds","length",2,124,"a4267fe1f6dd0f52500f9ec4a5d56570f7c4cf4b5533282b3db1d11e920846d4",737280,PPBENCH,bench-nds-hw-arm-backport-length,file_output_ready,1,0,0,0,0,0,0,00000000,1
"melonds","length",2,124,"a4267fe1f6dd0f52500f9ec4a5d56570f7c4cf4b5533282b3db1d11e920846d4",737280,PPBENCH,bench-nds-hw-arm-backport-length,timer_read_overhead_ticks,1,13,13,13,13,0,0,00000000,1
"melonds","length",2,124,"a4267fe1f6dd0f52500f9ec4a5d56570f7c4cf4b5533282b3db1d11e920846d4",737280,PPBENCH,bench-nds-hw-arm-backport-length,scene_things_created,1,27,27,27,27,0,0,d8635f64,1
"melonds","length",2,124,"a4267fe1f6dd0f52500f9ec4a5d56570f7c4cf4b5533282b3db1d11e920846d4",737280,PPBENCH,bench-nds-hw-arm-backport-length,scene_position_sum_x,1,2995,2995,2995,2995,0,0,d8635f64,1
"melonds","length",2,124,"a4267fe1f6dd0f52500f9ec4a5d56570f7c4cf4b5533282b3db1d11e920846d4",737280,PPBENCH,bench-nds-hw-arm-backport-length,scene_position_sum_y,1,1943,1943,1943,1943,0,0,d8635f64,1
"melonds","length",2,124,"a4267fe1f6dd0f52500f9ec4a5d56570f7c4cf4b5533282b3db1d11e920846d4",737280,PPBENCH,bench-nds-hw-arm-backport-length,hit_test_heap_delta_bytes,1,0,0,0,0,0,0,d82df0ac,1
"melonds","length",2,124,"a4267fe1f6dd0f52500f9ec4a5d56570f7c4cf4b5533282b3db1d11e920846d4",737280,PPBENCH,bench-nds-hw-arm-backport-length,touch_create_and_drag,225,1402319,6232,28,96164,0,0,d8635f64,1
"melonds","length",2,124,"a4267fe1f6dd0f52500f9ec4a5d56570f7c4cf4b5533282b3db1d11e920846d4",737280,PPBENCH,bench-nds-hw-arm-backport-length,hit_test,600,951756,1586,1215,3189,0,0,d82df0ac,1
"melonds","length",2,124,"a4267fe1f6dd0f52500f9ec4a5d56570f7c4cf4b5533282b3db1d11e920846d4",737280,PPBENCH,bench-nds-hw-arm-backport-length,physics_step,240,28558234,118992,91792,175650,558566,0,8c4d9050,1
"melonds","length",2,124,"a4267fe1f6dd0f52500f9ec4a5d56570f7c4cf4b5533282b3db1d11e920846d4",737280,PPBENCH,bench-nds-hw-arm-backport-length,render_frame,240,104950110,437292,36320,467906,558566,0,8c4d9050,1
"melonds","length",2,124,"a4267fe1f6dd0f52500f9ec4a5d56570f7c4cf4b5533282b3db1d11e920846d4",737280,PPBENCH,bench-nds-hw-arm-backport-length,render_begin,240,126960,529,529,529,558566,0,8c4d9050,1
"melonds","length",2,124,"a4267fe1f6dd0f52500f9ec4a5d56570f7c4cf4b5533282b3db1d11e920846d4",737280,PPBENCH,bench-nds-hw-arm-backport-length,render_canvas,240,104795550,436648,35676,467262,558566,0,8c4d9050,1
"melonds","length",2,124,"a4267fe1f6dd0f52500f9ec4a5d56570f7c4cf4b5533282b3db1d11e920846d4",737280,PPBENCH,bench-nds-hw-arm-backport-length,render_end,240,8400,35,35,35,558566,0,8c4d9050,1
"melonds","length",2,124,"a4267fe1f6dd0f52500f9ec4a5d56570f7c4cf4b5533282b3db1d11e920846d4",737280,PPBENCH,bench-nds-hw-arm-backport-length,frame_total,240,133543483,556431,132798,559798,558566,228,8c4d9050,1
"melonds","length",2,124,"a4267fe1f6dd0f52500f9ec4a5d56570f7c4cf4b5533282b3db1d11e920846d4",737280,PPBENCH,bench-nds-hw-arm-backport-length,frame_over_1pct_count,1,0,0,0,0,0,0,8c4d9050,1
"melonds","length",2,124,"a4267fe1f6dd0f52500f9ec4a5d56570f7c4cf4b5533282b3db1d11e920846d4",737280,PPBENCH,bench-nds-hw-arm-backport-length,frame_over_2x_count,1,0,0,0,0,0,0,8c4d9050,1
"melonds","length",2,124,"a4267fe1f6dd0f52500f9ec4a5d56570f7c4cf4b5533282b3db1d11e920846d4",737280,PPBENCH,bench-nds-hw-arm-backport-length,visible_things_rendered,1,5166,5166,5166,5166,0,0,8c4d9050,1
"melonds","length",2,124,"a4267fe1f6dd0f52500f9ec4a5d56570f7c4cf4b5533282b3db1d11e920846d4",737280,PPBENCH,bench-nds-hw-arm-backport-length,line_quads_rendered,1,22549,22549,22549,22549,0,0,8c4d9050,1
"melonds","length",2,124,"a4267fe1f6dd0f52500f9ec4a5d56570f7c4cf4b5533282b3db1d11e920846d4",737280,PPBENCH,bench-nds-hw-arm-backport-length,things_final,1,27,27,27,27,0,0,8c4d9050,1
"melonds","length",2,124,"a4267fe1f6dd0f52500f9ec4a5d56570f7c4cf4b5533282b3db1d11e920846d4",737280,PPBENCH,bench-nds-hw-arm-backport-length,behavior_pass,1,1,1,1,1,0,0,8c4d9050,1
"melonds","length",2,124,"a4267fe1f6dd0f52500f9ec4a5d56570f7c4cf4b5533282b3db1d11e920846d4",737280,PPBENCH,bench-nds-hw-arm-backport-length,hit_test_heap_fixed_pass,1,1,1,1,1,0,0,d82df0ac,1
"melonds","length",2,124,"a4267fe1f6dd0f52500f9ec4a5d56570f7c4cf4b5533282b3db1d11e920846d4",737280,PPBENCH,bench-nds-hw-arm-backport-length,overall_pass,1,1,1,1,1,0,0,8c4d9050,1
"melonds","gate",1,124,"a5e1b3913e5685dad2ac2008489cc8567f12369281114047f31fd0aa6c839378",739328,PPBENCH,bench-nds-hw-arm-backport-gate,benchmark_started,1,1,1,1,1,0,0,00000000,1
"melonds","gate",1,124,"a5e1b3913e5685dad2ac2008489cc8567f12369281114047f31fd0aa6c839378",739328,PPBENCH,bench-nds-hw-arm-backport-gate,file_output_ready,1,0,0,0,0,0,0,00000000,1
"melonds","gate",1,124,"a5e1b3913e5685dad2ac2008489cc8567f12369281114047f31fd0aa6c839378",739328,PPBENCH,bench-nds-hw-arm-backport-gate,timer_read_overhead_ticks,1,13,13,13,13,0,0,00000000,1
"melonds","gate",1,124,"a5e1b3913e5685dad2ac2008489cc8567f12369281114047f31fd0aa6c839378",739328,PPBENCH,bench-nds-hw-arm-backport-gate,scene_things_created,1,27,27,27,27,0,0,d8635f64,1
"melonds","gate",1,124,"a5e1b3913e5685dad2ac2008489cc8567f12369281114047f31fd0aa6c839378",739328,PPBENCH,bench-nds-hw-arm-backport-gate,scene_position_sum_x,1,2995,2995,2995,2995,0,0,d8635f64,1
"melonds","gate",1,124,"a5e1b3913e5685dad2ac2008489cc8567f12369281114047f31fd0aa6c839378",739328,PPBENCH,bench-nds-hw-arm-backport-gate,scene_position_sum_y,1,1943,1943,1943,1943,0,0,d8635f64,1
"melonds","gate",1,124,"a5e1b3913e5685dad2ac2008489cc8567f12369281114047f31fd0aa6c839378",739328,PPBENCH,bench-nds-hw-arm-backport-gate,hit_test_heap_delta_bytes,1,0,0,0,0,0,0,d82df0ac,1
"melonds","gate",1,124,"a5e1b3913e5685dad2ac2008489cc8567f12369281114047f31fd0aa6c839378",739328,PPBENCH,bench-nds-hw-arm-backport-gate,touch_create_and_drag,225,1485845,6603,28,103503,0,0,d8635f64,1
"melonds","gate",1,124,"a5e1b3913e5685dad2ac2008489cc8567f12369281114047f31fd0aa6c839378",739328,PPBENCH,bench-nds-hw-arm-backport-gate,hit_test,600,952770,1587,1216,3208,0,0,d82df0ac,1
"melonds","gate",1,124,"a5e1b3913e5685dad2ac2008489cc8567f12369281114047f31fd0aa6c839378",739328,PPBENCH,bench-nds-hw-arm-backport-gate,physics_step,240,30456768,126903,94642,187943,558566,0,8c4d9050,1
"melonds","gate",1,124,"a5e1b3913e5685dad2ac2008489cc8567f12369281114047f31fd0aa6c839378",739328,PPBENCH,bench-nds-hw-arm-backport-gate,render_frame,240,102991960,429133,36362,464936,558566,0,8c4d9050,1
"melonds","gate",1,124,"a5e1b3913e5685dad2ac2008489cc8567f12369281114047f31fd0aa6c839378",739328,PPBENCH,bench-nds-hw-arm-backport-gate,render_begin,240,125645,523,523,524,558566,0,8c4d9050,1
"melonds","gate",1,124,"a5e1b3913e5685dad2ac2008489cc8567f12369281114047f31fd0aa6c839378",739328,PPBENCH,bench-nds-hw-arm-backport-gate,render_canvas,240,102838715,428494,35723,464298,558566,0,8c4d9050,1
"melonds","gate",1,124,"a5e1b3913e5685dad2ac2008489cc8567f12369281114047f31fd0aa6c839378",739328,PPBENCH,bench-nds-hw-arm-backport-gate,render_end,240,8400,35,35,35,558566,0,8c4d9050,1
"melonds","gate",1,124,"a5e1b3913e5685dad2ac2008489cc8567f12369281114047f31fd0aa6c839378",739328,PPBENCH,bench-nds-hw-arm-backport-gate,frame_total,240,133483867,556182,134706,559798,558566,228,8c4d9050,1
"melonds","gate",1,124,"a5e1b3913e5685dad2ac2008489cc8567f12369281114047f31fd0aa6c839378",739328,PPBENCH,bench-nds-hw-arm-backport-gate,frame_over_1pct_count,1,0,0,0,0,0,0,8c4d9050,1
"melonds","gate",1,124,"a5e1b3913e5685dad2ac2008489cc8567f12369281114047f31fd0aa6c839378",739328,PPBENCH,bench-nds-hw-arm-backport-gate,frame_over_2x_count,1,0,0,0,0,0,0,8c4d9050,1
"melonds","gate",1,124,"a5e1b3913e5685dad2ac2008489cc8567f12369281114047f31fd0aa6c839378",739328,PPBENCH,bench-nds-hw-arm-backport-gate,visible_things_rendered,1,5166,5166,5166,5166,0,0,8c4d9050,1
"melonds","gate",1,124,"a5e1b3913e5685dad2ac2008489cc8567f12369281114047f31fd0aa6c839378",739328,PPBENCH,bench-nds-hw-arm-backport-gate,line_quads_rendered,1,22549,22549,22549,22549,0,0,8c4d9050,1
"melonds","gate",1,124,"a5e1b3913e5685dad2ac2008489cc8567f12369281114047f31fd0aa6c839378",739328,PPBENCH,bench-nds-hw-arm-backport-gate,things_final,1,27,27,27,27,0,0,8c4d9050,1
"melonds","gate",1,124,"a5e1b3913e5685dad2ac2008489cc8567f12369281114047f31fd0aa6c839378",739328,PPBENCH,bench-nds-hw-arm-backport-gate,behavior_pass,1,1,1,1,1,0,0,8c4d9050,1
"melonds","gate",1,124,"a5e1b3913e5685dad2ac2008489cc8567f12369281114047f31fd0aa6c839378",739328,PPBENCH,bench-nds-hw-arm-backport-gate,hit_test_heap_fixed_pass,1,1,1,1,1,0,0,d82df0ac,1
"melonds","gate",1,124,"a5e1b3913e5685dad2ac2008489cc8567f12369281114047f31fd0aa6c839378",739328,PPBENCH,bench-nds-hw-arm-backport-gate,overall_pass,1,1,1,1,1,0,0,8c4d9050,1
"melonds","gate",2,124,"a5e1b3913e5685dad2ac2008489cc8567f12369281114047f31fd0aa6c839378",739328,PPBENCH,bench-nds-hw-arm-backport-gate,benchmark_started,1,1,1,1,1,0,0,00000000,1
"melonds","gate",2,124,"a5e1b3913e5685dad2ac2008489cc8567f12369281114047f31fd0aa6c839378",739328,PPBENCH,bench-nds-hw-arm-backport-gate,file_output_ready,1,0,0,0,0,0,0,00000000,1
"melonds","gate",2,124,"a5e1b3913e5685dad2ac2008489cc8567f12369281114047f31fd0aa6c839378",739328,PPBENCH,bench-nds-hw-arm-backport-gate,timer_read_overhead_ticks,1,13,13,13,13,0,0,00000000,1
"melonds","gate",2,124,"a5e1b3913e5685dad2ac2008489cc8567f12369281114047f31fd0aa6c839378",739328,PPBENCH,bench-nds-hw-arm-backport-gate,scene_things_created,1,27,27,27,27,0,0,d8635f64,1
"melonds","gate",2,124,"a5e1b3913e5685dad2ac2008489cc8567f12369281114047f31fd0aa6c839378",739328,PPBENCH,bench-nds-hw-arm-backport-gate,scene_position_sum_x,1,2995,2995,2995,2995,0,0,d8635f64,1
"melonds","gate",2,124,"a5e1b3913e5685dad2ac2008489cc8567f12369281114047f31fd0aa6c839378",739328,PPBENCH,bench-nds-hw-arm-backport-gate,scene_position_sum_y,1,1943,1943,1943,1943,0,0,d8635f64,1
"melonds","gate",2,124,"a5e1b3913e5685dad2ac2008489cc8567f12369281114047f31fd0aa6c839378",739328,PPBENCH,bench-nds-hw-arm-backport-gate,hit_test_heap_delta_bytes,1,0,0,0,0,0,0,d82df0ac,1
"melonds","gate",2,124,"a5e1b3913e5685dad2ac2008489cc8567f12369281114047f31fd0aa6c839378",739328,PPBENCH,bench-nds-hw-arm-backport-gate,touch_create_and_drag,225,1485845,6603,28,103503,0,0,d8635f64,1
"melonds","gate",2,124,"a5e1b3913e5685dad2ac2008489cc8567f12369281114047f31fd0aa6c839378",739328,PPBENCH,bench-nds-hw-arm-backport-gate,hit_test,600,952770,1587,1216,3208,0,0,d82df0ac,1
"melonds","gate",2,124,"a5e1b3913e5685dad2ac2008489cc8567f12369281114047f31fd0aa6c839378",739328,PPBENCH,bench-nds-hw-arm-backport-gate,physics_step,240,30456768,126903,94642,187943,558566,0,8c4d9050,1
"melonds","gate",2,124,"a5e1b3913e5685dad2ac2008489cc8567f12369281114047f31fd0aa6c839378",739328,PPBENCH,bench-nds-hw-arm-backport-gate,render_frame,240,102991960,429133,36362,464936,558566,0,8c4d9050,1
"melonds","gate",2,124,"a5e1b3913e5685dad2ac2008489cc8567f12369281114047f31fd0aa6c839378",739328,PPBENCH,bench-nds-hw-arm-backport-gate,render_begin,240,125645,523,523,524,558566,0,8c4d9050,1
"melonds","gate",2,124,"a5e1b3913e5685dad2ac2008489cc8567f12369281114047f31fd0aa6c839378",739328,PPBENCH,bench-nds-hw-arm-backport-gate,render_canvas,240,102838715,428494,35723,464298,558566,0,8c4d9050,1
"melonds","gate",2,124,"a5e1b3913e5685dad2ac2008489cc8567f12369281114047f31fd0aa6c839378",739328,PPBENCH,bench-nds-hw-arm-backport-gate,render_end,240,8400,35,35,35,558566,0,8c4d9050,1
"melonds","gate",2,124,"a5e1b3913e5685dad2ac2008489cc8567f12369281114047f31fd0aa6c839378",739328,PPBENCH,bench-nds-hw-arm-backport-gate,frame_total,240,133483867,556182,134706,559798,558566,228,8c4d9050,1
"melonds","gate",2,124,"a5e1b3913e5685dad2ac2008489cc8567f12369281114047f31fd0aa6c839378",739328,PPBENCH,bench-nds-hw-arm-backport-gate,frame_over_1pct_count,1,0,0,0,0,0,0,8c4d9050,1
"melonds","gate",2,124,"a5e1b3913e5685dad2ac2008489cc8567f12369281114047f31fd0aa6c839378",739328,PPBENCH,bench-nds-hw-arm-backport-gate,frame_over_2x_count,1,0,0,0,0,0,0,8c4d9050,1
"melonds","gate",2,124,"a5e1b3913e5685dad2ac2008489cc8567f12369281114047f31fd0aa6c839378",739328,PPBENCH,bench-nds-hw-arm-backport-gate,visible_things_rendered,1,5166,5166,5166,5166,0,0,8c4d9050,1
"melonds","gate",2,124,"a5e1b3913e5685dad2ac2008489cc8567f12369281114047f31fd0aa6c839378",739328,PPBENCH,bench-nds-hw-arm-backport-gate,line_quads_rendered,1,22549,22549,22549,22549,0,0,8c4d9050,1
"melonds","gate",2,124,"a5e1b3913e5685dad2ac2008489cc8567f12369281114047f31fd0aa6c839378",739328,PPBENCH,bench-nds-hw-arm-backport-gate,things_final,1,27,27,27,27,0,0,8c4d9050,1
"melonds","gate",2,124,"a5e1b3913e5685dad2ac2008489cc8567f12369281114047f31fd0aa6c839378",739328,PPBENCH,bench-nds-hw-arm-backport-gate,behavior_pass,1,1,1,1,1,0,0,8c4d9050,1
"melonds","gate",2,124,"a5e1b3913e5685dad2ac2008489cc8567f12369281114047f31fd0aa6c839378",739328,PPBENCH,bench-nds-hw-arm-backport-gate,hit_test_heap_fixed_pass,1,1,1,1,1,0,0,d82df0ac,1
"melonds","gate",2,124,"a5e1b3913e5685dad2ac2008489cc8567f12369281114047f31fd0aa6c839378",739328,PPBENCH,bench-nds-hw-arm-backport-gate,overall_pass,1,1,1,1,1,0,0,8c4d9050,1
"melonds","combined",1,124,"75a1fd4f5c2a3c3da80b22402ef93e377dc093e0dbca9387d948bea2d7ef6e03",737280,PPBENCH,bench-nds-hw-arm-backport-combined,benchmark_started,1,1,1,1,1,0,0,00000000,1
"melonds","combined",1,124,"75a1fd4f5c2a3c3da80b22402ef93e377dc093e0dbca9387d948bea2d7ef6e03",737280,PPBENCH,bench-nds-hw-arm-backport-combined,file_output_ready,1,0,0,0,0,0,0,00000000,1
"melonds","combined",1,124,"75a1fd4f5c2a3c3da80b22402ef93e377dc093e0dbca9387d948bea2d7ef6e03",737280,PPBENCH,bench-nds-hw-arm-backport-combined,timer_read_overhead_ticks,1,13,13,13,13,0,0,00000000,1
"melonds","combined",1,124,"75a1fd4f5c2a3c3da80b22402ef93e377dc093e0dbca9387d948bea2d7ef6e03",737280,PPBENCH,bench-nds-hw-arm-backport-combined,scene_things_created,1,27,27,27,27,0,0,d8635f64,1
"melonds","combined",1,124,"75a1fd4f5c2a3c3da80b22402ef93e377dc093e0dbca9387d948bea2d7ef6e03",737280,PPBENCH,bench-nds-hw-arm-backport-combined,scene_position_sum_x,1,2995,2995,2995,2995,0,0,d8635f64,1
"melonds","combined",1,124,"75a1fd4f5c2a3c3da80b22402ef93e377dc093e0dbca9387d948bea2d7ef6e03",737280,PPBENCH,bench-nds-hw-arm-backport-combined,scene_position_sum_y,1,1943,1943,1943,1943,0,0,d8635f64,1
"melonds","combined",1,124,"75a1fd4f5c2a3c3da80b22402ef93e377dc093e0dbca9387d948bea2d7ef6e03",737280,PPBENCH,bench-nds-hw-arm-backport-combined,hit_test_heap_delta_bytes,1,0,0,0,0,0,0,d82df0ac,1
"melonds","combined",1,124,"75a1fd4f5c2a3c3da80b22402ef93e377dc093e0dbca9387d948bea2d7ef6e03",737280,PPBENCH,bench-nds-hw-arm-backport-combined,touch_create_and_drag,225,1402757,6234,28,96245,0,0,d8635f64,1
"melonds","combined",1,124,"75a1fd4f5c2a3c3da80b22402ef93e377dc093e0dbca9387d948bea2d7ef6e03",737280,PPBENCH,bench-nds-hw-arm-backport-combined,hit_test,600,951216,1585,1215,3008,0,0,d82df0ac,1
"melonds","combined",1,124,"75a1fd4f5c2a3c3da80b22402ef93e377dc093e0dbca9387d948bea2d7ef6e03",737280,PPBENCH,bench-nds-hw-arm-backport-combined,physics_step,240,28336054,118066,90618,174352,558566,0,8c4d9050,1
"melonds","combined",1,124,"75a1fd4f5c2a3c3da80b22402ef93e377dc093e0dbca9387d948bea2d7ef6e03",737280,PPBENCH,bench-nds-hw-arm-backport-combined,render_frame,240,105144796,438103,36330,469001,558566,0,8c4d9050,1
"melonds","combined",1,124,"75a1fd4f5c2a3c3da80b22402ef93e377dc093e0dbca9387d948bea2d7ef6e03",737280,PPBENCH,bench-nds-hw-arm-backport-combined,render_begin,240,126960,529,529,529,558566,0,8c4d9050,1
"melonds","combined",1,124,"75a1fd4f5c2a3c3da80b22402ef93e377dc093e0dbca9387d948bea2d7ef6e03",737280,PPBENCH,bench-nds-hw-arm-backport-combined,render_canvas,240,104990236,437459,35686,468357,558566,0,8c4d9050,1
"melonds","combined",1,124,"75a1fd4f5c2a3c3da80b22402ef93e377dc093e0dbca9387d948bea2d7ef6e03",737280,PPBENCH,bench-nds-hw-arm-backport-combined,render_end,240,8400,35,35,35,558566,0,8c4d9050,1
"melonds","combined",1,124,"75a1fd4f5c2a3c3da80b22402ef93e377dc093e0dbca9387d948bea2d7ef6e03",737280,PPBENCH,bench-nds-hw-arm-backport-combined,frame_total,240,133515877,556316,130685,559819,558566,229,8c4d9050,1
"melonds","combined",1,124,"75a1fd4f5c2a3c3da80b22402ef93e377dc093e0dbca9387d948bea2d7ef6e03",737280,PPBENCH,bench-nds-hw-arm-backport-combined,frame_over_1pct_count,1,0,0,0,0,0,0,8c4d9050,1
"melonds","combined",1,124,"75a1fd4f5c2a3c3da80b22402ef93e377dc093e0dbca9387d948bea2d7ef6e03",737280,PPBENCH,bench-nds-hw-arm-backport-combined,frame_over_2x_count,1,0,0,0,0,0,0,8c4d9050,1
"melonds","combined",1,124,"75a1fd4f5c2a3c3da80b22402ef93e377dc093e0dbca9387d948bea2d7ef6e03",737280,PPBENCH,bench-nds-hw-arm-backport-combined,visible_things_rendered,1,5166,5166,5166,5166,0,0,8c4d9050,1
"melonds","combined",1,124,"75a1fd4f5c2a3c3da80b22402ef93e377dc093e0dbca9387d948bea2d7ef6e03",737280,PPBENCH,bench-nds-hw-arm-backport-combined,line_quads_rendered,1,22549,22549,22549,22549,0,0,8c4d9050,1
"melonds","combined",1,124,"75a1fd4f5c2a3c3da80b22402ef93e377dc093e0dbca9387d948bea2d7ef6e03",737280,PPBENCH,bench-nds-hw-arm-backport-combined,things_final,1,27,27,27,27,0,0,8c4d9050,1
"melonds","combined",1,124,"75a1fd4f5c2a3c3da80b22402ef93e377dc093e0dbca9387d948bea2d7ef6e03",737280,PPBENCH,bench-nds-hw-arm-backport-combined,behavior_pass,1,1,1,1,1,0,0,8c4d9050,1
"melonds","combined",1,124,"75a1fd4f5c2a3c3da80b22402ef93e377dc093e0dbca9387d948bea2d7ef6e03",737280,PPBENCH,bench-nds-hw-arm-backport-combined,hit_test_heap_fixed_pass,1,1,1,1,1,0,0,d82df0ac,1
"melonds","combined",1,124,"75a1fd4f5c2a3c3da80b22402ef93e377dc093e0dbca9387d948bea2d7ef6e03",737280,PPBENCH,bench-nds-hw-arm-backport-combined,overall_pass,1,1,1,1,1,0,0,8c4d9050,1
"melonds","combined",2,124,"75a1fd4f5c2a3c3da80b22402ef93e377dc093e0dbca9387d948bea2d7ef6e03",737280,PPBENCH,bench-nds-hw-arm-backport-combined,benchmark_started,1,1,1,1,1,0,0,00000000,1
"melonds","combined",2,124,"75a1fd4f5c2a3c3da80b22402ef93e377dc093e0dbca9387d948bea2d7ef6e03",737280,PPBENCH,bench-nds-hw-arm-backport-combined,file_output_ready,1,0,0,0,0,0,0,00000000,1
"melonds","combined",2,124,"75a1fd4f5c2a3c3da80b22402ef93e377dc093e0dbca9387d948bea2d7ef6e03",737280,PPBENCH,bench-nds-hw-arm-backport-combined,timer_read_overhead_ticks,1,13,13,13,13,0,0,00000000,1
"melonds","combined",2,124,"75a1fd4f5c2a3c3da80b22402ef93e377dc093e0dbca9387d948bea2d7ef6e03",737280,PPBENCH,bench-nds-hw-arm-backport-combined,scene_things_created,1,27,27,27,27,0,0,d8635f64,1
"melonds","combined",2,124,"75a1fd4f5c2a3c3da80b22402ef93e377dc093e0dbca9387d948bea2d7ef6e03",737280,PPBENCH,bench-nds-hw-arm-backport-combined,scene_position_sum_x,1,2995,2995,2995,2995,0,0,d8635f64,1
"melonds","combined",2,124,"75a1fd4f5c2a3c3da80b22402ef93e377dc093e0dbca9387d948bea2d7ef6e03",737280,PPBENCH,bench-nds-hw-arm-backport-combined,scene_position_sum_y,1,1943,1943,1943,1943,0,0,d8635f64,1
"melonds","combined",2,124,"75a1fd4f5c2a3c3da80b22402ef93e377dc093e0dbca9387d948bea2d7ef6e03",737280,PPBENCH,bench-nds-hw-arm-backport-combined,hit_test_heap_delta_bytes,1,0,0,0,0,0,0,d82df0ac,1
"melonds","combined",2,124,"75a1fd4f5c2a3c3da80b22402ef93e377dc093e0dbca9387d948bea2d7ef6e03",737280,PPBENCH,bench-nds-hw-arm-backport-combined,touch_create_and_drag,225,1402757,6234,28,96245,0,0,d8635f64,1
"melonds","combined",2,124,"75a1fd4f5c2a3c3da80b22402ef93e377dc093e0dbca9387d948bea2d7ef6e03",737280,PPBENCH,bench-nds-hw-arm-backport-combined,hit_test,600,951216,1585,1215,3008,0,0,d82df0ac,1
"melonds","combined",2,124,"75a1fd4f5c2a3c3da80b22402ef93e377dc093e0dbca9387d948bea2d7ef6e03",737280,PPBENCH,bench-nds-hw-arm-backport-combined,physics_step,240,28336054,118066,90618,174352,558566,0,8c4d9050,1
"melonds","combined",2,124,"75a1fd4f5c2a3c3da80b22402ef93e377dc093e0dbca9387d948bea2d7ef6e03",737280,PPBENCH,bench-nds-hw-arm-backport-combined,render_frame,240,105144796,438103,36330,469001,558566,0,8c4d9050,1
"melonds","combined",2,124,"75a1fd4f5c2a3c3da80b22402ef93e377dc093e0dbca9387d948bea2d7ef6e03",737280,PPBENCH,bench-nds-hw-arm-backport-combined,render_begin,240,126960,529,529,529,558566,0,8c4d9050,1
"melonds","combined",2,124,"75a1fd4f5c2a3c3da80b22402ef93e377dc093e0dbca9387d948bea2d7ef6e03",737280,PPBENCH,bench-nds-hw-arm-backport-combined,render_canvas,240,104990236,437459,35686,468357,558566,0,8c4d9050,1
"melonds","combined",2,124,"75a1fd4f5c2a3c3da80b22402ef93e377dc093e0dbca9387d948bea2d7ef6e03",737280,PPBENCH,bench-nds-hw-arm-backport-combined,render_end,240,8400,35,35,35,558566,0,8c4d9050,1
"melonds","combined",2,124,"75a1fd4f5c2a3c3da80b22402ef93e377dc093e0dbca9387d948bea2d7ef6e03",737280,PPBENCH,bench-nds-hw-arm-backport-combined,frame_total,240,133515877,556316,130685,559819,558566,229,8c4d9050,1
"melonds","combined",2,124,"75a1fd4f5c2a3c3da80b22402ef93e377dc093e0dbca9387d948bea2d7ef6e03",737280,PPBENCH,bench-nds-hw-arm-backport-combined,frame_over_1pct_count,1,0,0,0,0,0,0,8c4d9050,1
"melonds","combined",2,124,"75a1fd4f5c2a3c3da80b22402ef93e377dc093e0dbca9387d948bea2d7ef6e03",737280,PPBENCH,bench-nds-hw-arm-backport-combined,frame_over_2x_count,1,0,0,0,0,0,0,8c4d9050,1
"melonds","combined",2,124,"75a1fd4f5c2a3c3da80b22402ef93e377dc093e0dbca9387d948bea2d7ef6e03",737280,PPBENCH,bench-nds-hw-arm-backport-combined,visible_things_rendered,1,5166,5166,5166,5166,0,0,8c4d9050,1
"melonds","combined",2,124,"75a1fd4f5c2a3c3da80b22402ef93e377dc093e0dbca9387d948bea2d7ef6e03",737280,PPBENCH,bench-nds-hw-arm-backport-combined,line_quads_rendered,1,22549,22549,22549,22549,0,0,8c4d9050,1
"melonds","combined",2,124,"75a1fd4f5c2a3c3da80b22402ef93e377dc093e0dbca9387d948bea2d7ef6e03",737280,PPBENCH,bench-nds-hw-arm-backport-combined,things_final,1,27,27,27,27,0,0,8c4d9050,1
"melonds","combined",2,124,"75a1fd4f5c2a3c3da80b22402ef93e377dc093e0dbca9387d948bea2d7ef6e03",737280,PPBENCH,bench-nds-hw-arm-backport-combined,behavior_pass,1,1,1,1,1,0,0,8c4d9050,1
"melonds","combined",2,124,"75a1fd4f5c2a3c3da80b22402ef93e377dc093e0dbca9387d948bea2d7ef6e03",737280,PPBENCH,bench-nds-hw-arm-backport-combined,hit_test_heap_fixed_pass,1,1,1,1,1,0,0,d82df0ac,1
"melonds","combined",2,124,"75a1fd4f5c2a3c3da80b22402ef93e377dc093e0dbca9387d948bea2d7ef6e03",737280,PPBENCH,bench-nds-hw-arm-backport-combined,overall_pass,1,1,1,1,1,0,0,8c4d9050,1
"melonds","physics-itcm",1,124,"93b7fda6b0f5449a6fb5be9d37b7aaf133d2e155680ca134d6aa01ca4e2983ce",739328,PPBENCH,bench-nds-hw-arm-physics-itcm,benchmark_started,1,1,1,1,1,0,0,00000000,1
"melonds","physics-itcm",1,124,"93b7fda6b0f5449a6fb5be9d37b7aaf133d2e155680ca134d6aa01ca4e2983ce",739328,PPBENCH,bench-nds-hw-arm-physics-itcm,file_output_ready,1,0,0,0,0,0,0,00000000,1
"melonds","physics-itcm",1,124,"93b7fda6b0f5449a6fb5be9d37b7aaf133d2e155680ca134d6aa01ca4e2983ce",739328,PPBENCH,bench-nds-hw-arm-physics-itcm,timer_read_overhead_ticks,1,14,14,14,14,0,0,00000000,1
"melonds","physics-itcm",1,124,"93b7fda6b0f5449a6fb5be9d37b7aaf133d2e155680ca134d6aa01ca4e2983ce",739328,PPBENCH,bench-nds-hw-arm-physics-itcm,scene_things_created,1,27,27,27,27,0,0,d8635f64,1
"melonds","physics-itcm",1,124,"93b7fda6b0f5449a6fb5be9d37b7aaf133d2e155680ca134d6aa01ca4e2983ce",739328,PPBENCH,bench-nds-hw-arm-physics-itcm,scene_position_sum_x,1,2995,2995,2995,2995,0,0,d8635f64,1
"melonds","physics-itcm",1,124,"93b7fda6b0f5449a6fb5be9d37b7aaf133d2e155680ca134d6aa01ca4e2983ce",739328,PPBENCH,bench-nds-hw-arm-physics-itcm,scene_position_sum_y,1,1943,1943,1943,1943,0,0,d8635f64,1
"melonds","physics-itcm",1,124,"93b7fda6b0f5449a6fb5be9d37b7aaf133d2e155680ca134d6aa01ca4e2983ce",739328,PPBENCH,bench-nds-hw-arm-physics-itcm,hit_test_heap_delta_bytes,1,0,0,0,0,0,0,d82df0ac,1
"melonds","physics-itcm",1,124,"93b7fda6b0f5449a6fb5be9d37b7aaf133d2e155680ca134d6aa01ca4e2983ce",739328,PPBENCH,bench-nds-hw-arm-physics-itcm,touch_create_and_drag,225,1482383,6588,28,103146,0,0,d8635f64,1
"melonds","physics-itcm",1,124,"93b7fda6b0f5449a6fb5be9d37b7aaf133d2e155680ca134d6aa01ca4e2983ce",739328,PPBENCH,bench-nds-hw-arm-physics-itcm,hit_test,600,973434,1622,1238,2889,0,0,d82df0ac,1
"melonds","physics-itcm",1,124,"93b7fda6b0f5449a6fb5be9d37b7aaf133d2e155680ca134d6aa01ca4e2983ce",739328,PPBENCH,bench-nds-hw-arm-physics-itcm,physics_step,240,29474718,122811,92567,180350,558566,0,8c4d9050,1
"melonds","physics-itcm",1,124,"93b7fda6b0f5449a6fb5be9d37b7aaf133d2e155680ca134d6aa01ca4e2983ce",739328,PPBENCH,bench-nds-hw-arm-physics-itcm,render_frame,240,104013717,433390,36379,466990,558566,0,8c4d9050,1
"melonds","physics-itcm",1,124,"93b7fda6b0f5449a6fb5be9d37b7aaf133d2e155680ca134d6aa01ca4e2983ce",739328,PPBENCH,bench-nds-hw-arm-physics-itcm,render_begin,240,126960,529,529,529,558566,0,8c4d9050,1
"melonds","physics-itcm",1,124,"93b7fda6b0f5449a6fb5be9d37b7aaf133d2e155680ca134d6aa01ca4e2983ce",739328,PPBENCH,bench-nds-hw-arm-physics-itcm,render_canvas,240,103859637,432748,35737,466348,558566,0,8c4d9050,1
"melonds","physics-itcm",1,124,"93b7fda6b0f5449a6fb5be9d37b7aaf133d2e155680ca134d6aa01ca4e2983ce",739328,PPBENCH,bench-nds-hw-arm-physics-itcm,render_end,240,8160,34,34,34,558566,0,8c4d9050,1
"melonds","physics-itcm",1,124,"93b7fda6b0f5449a6fb5be9d37b7aaf133d2e155680ca134d6aa01ca4e2983ce",739328,PPBENCH,bench-nds-hw-arm-physics-itcm,frame_total,240,133523025,556345,135260,559809,558566,228,8c4d9050,1
"melonds","physics-itcm",1,124,"93b7fda6b0f5449a6fb5be9d37b7aaf133d2e155680ca134d6aa01ca4e2983ce",739328,PPBENCH,bench-nds-hw-arm-physics-itcm,frame_over_1pct_count,1,0,0,0,0,0,0,8c4d9050,1
"melonds","physics-itcm",1,124,"93b7fda6b0f5449a6fb5be9d37b7aaf133d2e155680ca134d6aa01ca4e2983ce",739328,PPBENCH,bench-nds-hw-arm-physics-itcm,frame_over_2x_count,1,0,0,0,0,0,0,8c4d9050,1
"melonds","physics-itcm",1,124,"93b7fda6b0f5449a6fb5be9d37b7aaf133d2e155680ca134d6aa01ca4e2983ce",739328,PPBENCH,bench-nds-hw-arm-physics-itcm,visible_things_rendered,1,5166,5166,5166,5166,0,0,8c4d9050,1
"melonds","physics-itcm",1,124,"93b7fda6b0f5449a6fb5be9d37b7aaf133d2e155680ca134d6aa01ca4e2983ce",739328,PPBENCH,bench-nds-hw-arm-physics-itcm,line_quads_rendered,1,22549,22549,22549,22549,0,0,8c4d9050,1
"melonds","physics-itcm",1,124,"93b7fda6b0f5449a6fb5be9d37b7aaf133d2e155680ca134d6aa01ca4e2983ce",739328,PPBENCH,bench-nds-hw-arm-physics-itcm,things_final,1,27,27,27,27,0,0,8c4d9050,1
"melonds","physics-itcm",1,124,"93b7fda6b0f5449a6fb5be9d37b7aaf133d2e155680ca134d6aa01ca4e2983ce",739328,PPBENCH,bench-nds-hw-arm-physics-itcm,behavior_pass,1,1,1,1,1,0,0,8c4d9050,1
"melonds","physics-itcm",1,124,"93b7fda6b0f5449a6fb5be9d37b7aaf133d2e155680ca134d6aa01ca4e2983ce",739328,PPBENCH,bench-nds-hw-arm-physics-itcm,hit_test_heap_fixed_pass,1,1,1,1,1,0,0,d82df0ac,1
"melonds","physics-itcm",1,124,"93b7fda6b0f5449a6fb5be9d37b7aaf133d2e155680ca134d6aa01ca4e2983ce",739328,PPBENCH,bench-nds-hw-arm-physics-itcm,overall_pass,1,1,1,1,1,0,0,8c4d9050,1
"melonds","physics-itcm",2,124,"93b7fda6b0f5449a6fb5be9d37b7aaf133d2e155680ca134d6aa01ca4e2983ce",739328,PPBENCH,bench-nds-hw-arm-physics-itcm,benchmark_started,1,1,1,1,1,0,0,00000000,1
"melonds","physics-itcm",2,124,"93b7fda6b0f5449a6fb5be9d37b7aaf133d2e155680ca134d6aa01ca4e2983ce",739328,PPBENCH,bench-nds-hw-arm-physics-itcm,file_output_ready,1,0,0,0,0,0,0,00000000,1
"melonds","physics-itcm",2,124,"93b7fda6b0f5449a6fb5be9d37b7aaf133d2e155680ca134d6aa01ca4e2983ce",739328,PPBENCH,bench-nds-hw-arm-physics-itcm,timer_read_overhead_ticks,1,14,14,14,14,0,0,00000000,1
"melonds","physics-itcm",2,124,"93b7fda6b0f5449a6fb5be9d37b7aaf133d2e155680ca134d6aa01ca4e2983ce",739328,PPBENCH,bench-nds-hw-arm-physics-itcm,scene_things_created,1,27,27,27,27,0,0,d8635f64,1
"melonds","physics-itcm",2,124,"93b7fda6b0f5449a6fb5be9d37b7aaf133d2e155680ca134d6aa01ca4e2983ce",739328,PPBENCH,bench-nds-hw-arm-physics-itcm,scene_position_sum_x,1,2995,2995,2995,2995,0,0,d8635f64,1
"melonds","physics-itcm",2,124,"93b7fda6b0f5449a6fb5be9d37b7aaf133d2e155680ca134d6aa01ca4e2983ce",739328,PPBENCH,bench-nds-hw-arm-physics-itcm,scene_position_sum_y,1,1943,1943,1943,1943,0,0,d8635f64,1
"melonds","physics-itcm",2,124,"93b7fda6b0f5449a6fb5be9d37b7aaf133d2e155680ca134d6aa01ca4e2983ce",739328,PPBENCH,bench-nds-hw-arm-physics-itcm,hit_test_heap_delta_bytes,1,0,0,0,0,0,0,d82df0ac,1
"melonds","physics-itcm",2,124,"93b7fda6b0f5449a6fb5be9d37b7aaf133d2e155680ca134d6aa01ca4e2983ce",739328,PPBENCH,bench-nds-hw-arm-physics-itcm,touch_create_and_drag,225,1482383,6588,28,103146,0,0,d8635f64,1
"melonds","physics-itcm",2,124,"93b7fda6b0f5449a6fb5be9d37b7aaf133d2e155680ca134d6aa01ca4e2983ce",739328,PPBENCH,bench-nds-hw-arm-physics-itcm,hit_test,600,973434,1622,1238,2889,0,0,d82df0ac,1
"melonds","physics-itcm",2,124,"93b7fda6b0f5449a6fb5be9d37b7aaf133d2e155680ca134d6aa01ca4e2983ce",739328,PPBENCH,bench-nds-hw-arm-physics-itcm,physics_step,240,29474718,122811,92567,180350,558566,0,8c4d9050,1
"melonds","physics-itcm",2,124,"93b7fda6b0f5449a6fb5be9d37b7aaf133d2e155680ca134d6aa01ca4e2983ce",739328,PPBENCH,bench-nds-hw-arm-physics-itcm,render_frame,240,104013717,433390,36379,466990,558566,0,8c4d9050,1
"melonds","physics-itcm",2,124,"93b7fda6b0f5449a6fb5be9d37b7aaf133d2e155680ca134d6aa01ca4e2983ce",739328,PPBENCH,bench-nds-hw-arm-physics-itcm,render_begin,240,126960,529,529,529,558566,0,8c4d9050,1
"melonds","physics-itcm",2,124,"93b7fda6b0f5449a6fb5be9d37b7aaf133d2e155680ca134d6aa01ca4e2983ce",739328,PPBENCH,bench-nds-hw-arm-physics-itcm,render_canvas,240,103859637,432748,35737,466348,558566,0,8c4d9050,1
"melonds","physics-itcm",2,124,"93b7fda6b0f5449a6fb5be9d37b7aaf133d2e155680ca134d6aa01ca4e2983ce",739328,PPBENCH,bench-nds-hw-arm-physics-itcm,render_end,240,8160,34,34,34,558566,0,8c4d9050,1
"melonds","physics-itcm",2,124,"93b7fda6b0f5449a6fb5be9d37b7aaf133d2e155680ca134d6aa01ca4e2983ce",739328,PPBENCH,bench-nds-hw-arm-physics-itcm,frame_total,240,133523025,556345,135260,559809,558566,228,8c4d9050,1
"melonds","physics-itcm",2,124,"93b7fda6b0f5449a6fb5be9d37b7aaf133d2e155680ca134d6aa01ca4e2983ce",739328,PPBENCH,bench-nds-hw-arm-physics-itcm,frame_over_1pct_count,1,0,0,0,0,0,0,8c4d9050,1
"melonds","physics-itcm",2,124,"93b7fda6b0f5449a6fb5be9d37b7aaf133d2e155680ca134d6aa01ca4e2983ce",739328,PPBENCH,bench-nds-hw-arm-physics-itcm,frame_over_2x_count,1,0,0,0,0,0,0,8c4d9050,1
"melonds","physics-itcm",2,124,"93b7fda6b0f5449a6fb5be9d37b7aaf133d2e155680ca134d6aa01ca4e2983ce",739328,PPBENCH,bench-nds-hw-arm-physics-itcm,visible_things_rendered,1,5166,5166,5166,5166,0,0,8c4d9050,1
"melonds","physics-itcm",2,124,"93b7fda6b0f5449a6fb5be9d37b7aaf133d2e155680ca134d6aa01ca4e2983ce",739328,PPBENCH,bench-nds-hw-arm-physics-itcm,line_quads_rendered,1,22549,22549,22549,22549,0,0,8c4d9050,1
"melonds","physics-itcm",2,124,"93b7fda6b0f5449a6fb5be9d37b7aaf133d2e155680ca134d6aa01ca4e2983ce",739328,PPBENCH,bench-nds-hw-arm-physics-itcm,things_final,1,27,27,27,27,0,0,8c4d9050,1
"melonds","physics-itcm",2,124,"93b7fda6b0f5449a6fb5be9d37b7aaf133d2e155680ca134d6aa01ca4e2983ce",739328,PPBENCH,bench-nds-hw-arm-physics-itcm,behavior_pass,1,1,1,1,1,0,0,8c4d9050,1
"melonds","physics-itcm",2,124,"93b7fda6b0f5449a6fb5be9d37b7aaf133d2e155680ca134d6aa01ca4e2983ce",739328,PPBENCH,bench-nds-hw-arm-physics-itcm,hit_test_heap_fixed_pass,1,1,1,1,1,0,0,d82df0ac,1
"melonds","physics-itcm",2,124,"93b7fda6b0f5449a6fb5be9d37b7aaf133d2e155680ca134d6aa01ca4e2983ce",739328,PPBENCH,bench-nds-hw-arm-physics-itcm,overall_pass,1,1,1,1,1,0,0,8c4d9050,1
"melonds","physics-backports",1,124,"f3316a9872abe56044d89470074f6138499dd1442eb3164e58a3a041628d55ed",737280,PPBENCH,bench-nds-hw-arm-combined-physics-itcm,benchmark_started,1,1,1,1,1,0,0,00000000,1
"melonds","physics-backports",1,124,"f3316a9872abe56044d89470074f6138499dd1442eb3164e58a3a041628d55ed",737280,PPBENCH,bench-nds-hw-arm-combined-physics-itcm,file_output_ready,1,0,0,0,0,0,0,00000000,1
"melonds","physics-backports",1,124,"f3316a9872abe56044d89470074f6138499dd1442eb3164e58a3a041628d55ed",737280,PPBENCH,bench-nds-hw-arm-combined-physics-itcm,timer_read_overhead_ticks,1,14,14,14,14,0,0,00000000,1
"melonds","physics-backports",1,124,"f3316a9872abe56044d89470074f6138499dd1442eb3164e58a3a041628d55ed",737280,PPBENCH,bench-nds-hw-arm-combined-physics-itcm,scene_things_created,1,27,27,27,27,0,0,d8635f64,1
"melonds","physics-backports",1,124,"f3316a9872abe56044d89470074f6138499dd1442eb3164e58a3a041628d55ed",737280,PPBENCH,bench-nds-hw-arm-combined-physics-itcm,scene_position_sum_x,1,2995,2995,2995,2995,0,0,d8635f64,1
"melonds","physics-backports",1,124,"f3316a9872abe56044d89470074f6138499dd1442eb3164e58a3a041628d55ed",737280,PPBENCH,bench-nds-hw-arm-combined-physics-itcm,scene_position_sum_y,1,1943,1943,1943,1943,0,0,d8635f64,1
"melonds","physics-backports",1,124,"f3316a9872abe56044d89470074f6138499dd1442eb3164e58a3a041628d55ed",737280,PPBENCH,bench-nds-hw-arm-combined-physics-itcm,hit_test_heap_delta_bytes,1,0,0,0,0,0,0,d82df0ac,1
"melonds","physics-backports",1,124,"f3316a9872abe56044d89470074f6138499dd1442eb3164e58a3a041628d55ed",737280,PPBENCH,bench-nds-hw-arm-combined-physics-itcm,touch_create_and_drag,225,1405482,6246,28,96357,0,0,d8635f64,1
"melonds","physics-backports",1,124,"f3316a9872abe56044d89470074f6138499dd1442eb3164e58a3a041628d55ed",737280,PPBENCH,bench-nds-hw-arm-combined-physics-itcm,hit_test,600,956385,1593,1214,2992,0,0,d82df0ac,1
"melonds","physics-backports",1,124,"f3316a9872abe56044d89470074f6138499dd1442eb3164e58a3a041628d55ed",737280,PPBENCH,bench-nds-hw-arm-combined-physics-itcm,physics_step,240,26650164,111042,84317,163366,558566,0,8c4d9050,1
"melonds","physics-backports",1,124,"f3316a9872abe56044d89470074f6138499dd1442eb3164e58a3a041628d55ed",737280,PPBENCH,bench-nds-hw-arm-combined-physics-itcm,render_frame,240,106762676,444844,36370,475296,558566,0,8c4d9050,1
"melonds","physics-backports",1,124,"f3316a9872abe56044d89470074f6138499dd1442eb3164e58a3a041628d55ed",737280,PPBENCH,bench-nds-hw-arm-combined-physics-itcm,render_begin,240,128827,536,531,1918,558566,0,8c4d9050,1
"melonds","physics-backports",1,124,"f3316a9872abe56044d89470074f6138499dd1442eb3164e58a3a041628d55ed",737280,PPBENCH,bench-nds-hw-arm-combined-physics-itcm,render_canvas,240,106606489,444193,35725,474651,558566,0,8c4d9050,1
"melonds","physics-backports",1,124,"f3316a9872abe56044d89470074f6138499dd1442eb3164e58a3a041628d55ed",737280,PPBENCH,bench-nds-hw-arm-combined-physics-itcm,render_end,240,8160,34,34,34,558566,0,8c4d9050,1
"melonds","physics-backports",1,124,"f3316a9872abe56044d89470074f6138499dd1442eb3164e58a3a041628d55ed",737280,PPBENCH,bench-nds-hw-arm-combined-physics-itcm,frame_total,240,133448027,556033,123662,559826,558566,228,8c4d9050,1
"melonds","physics-backports",1,124,"f3316a9872abe56044d89470074f6138499dd1442eb3164e58a3a041628d55ed",737280,PPBENCH,bench-nds-hw-arm-combined-physics-itcm,frame_over_1pct_count,1,0,0,0,0,0,0,8c4d9050,1
"melonds","physics-backports",1,124,"f3316a9872abe56044d89470074f6138499dd1442eb3164e58a3a041628d55ed",737280,PPBENCH,bench-nds-hw-arm-combined-physics-itcm,frame_over_2x_count,1,0,0,0,0,0,0,8c4d9050,1
"melonds","physics-backports",1,124,"f3316a9872abe56044d89470074f6138499dd1442eb3164e58a3a041628d55ed",737280,PPBENCH,bench-nds-hw-arm-combined-physics-itcm,visible_things_rendered,1,5166,5166,5166,5166,0,0,8c4d9050,1
"melonds","physics-backports",1,124,"f3316a9872abe56044d89470074f6138499dd1442eb3164e58a3a041628d55ed",737280,PPBENCH,bench-nds-hw-arm-combined-physics-itcm,line_quads_rendered,1,22549,22549,22549,22549,0,0,8c4d9050,1
"melonds","physics-backports",1,124,"f3316a9872abe56044d89470074f6138499dd1442eb3164e58a3a041628d55ed",737280,PPBENCH,bench-nds-hw-arm-combined-physics-itcm,things_final,1,27,27,27,27,0,0,8c4d9050,1
"melonds","physics-backports",1,124,"f3316a9872abe56044d89470074f6138499dd1442eb3164e58a3a041628d55ed",737280,PPBENCH,bench-nds-hw-arm-combined-physics-itcm,behavior_pass,1,1,1,1,1,0,0,8c4d9050,1
"melonds","physics-backports",1,124,"f3316a9872abe56044d89470074f6138499dd1442eb3164e58a3a041628d55ed",737280,PPBENCH,bench-nds-hw-arm-combined-physics-itcm,hit_test_heap_fixed_pass,1,1,1,1,1,0,0,d82df0ac,1
"melonds","physics-backports",1,124,"f3316a9872abe56044d89470074f6138499dd1442eb3164e58a3a041628d55ed",737280,PPBENCH,bench-nds-hw-arm-combined-physics-itcm,overall_pass,1,1,1,1,1,0,0,8c4d9050,1
"melonds","physics-backports",2,124,"f3316a9872abe56044d89470074f6138499dd1442eb3164e58a3a041628d55ed",737280,PPBENCH,bench-nds-hw-arm-combined-physics-itcm,benchmark_started,1,1,1,1,1,0,0,00000000,1
"melonds","physics-backports",2,124,"f3316a9872abe56044d89470074f6138499dd1442eb3164e58a3a041628d55ed",737280,PPBENCH,bench-nds-hw-arm-combined-physics-itcm,file_output_ready,1,0,0,0,0,0,0,00000000,1
"melonds","physics-backports",2,124,"f3316a9872abe56044d89470074f6138499dd1442eb3164e58a3a041628d55ed",737280,PPBENCH,bench-nds-hw-arm-combined-physics-itcm,timer_read_overhead_ticks,1,14,14,14,14,0,0,00000000,1
"melonds","physics-backports",2,124,"f3316a9872abe56044d89470074f6138499dd1442eb3164e58a3a041628d55ed",737280,PPBENCH,bench-nds-hw-arm-combined-physics-itcm,scene_things_created,1,27,27,27,27,0,0,d8635f64,1
"melonds","physics-backports",2,124,"f3316a9872abe56044d89470074f6138499dd1442eb3164e58a3a041628d55ed",737280,PPBENCH,bench-nds-hw-arm-combined-physics-itcm,scene_position_sum_x,1,2995,2995,2995,2995,0,0,d8635f64,1
"melonds","physics-backports",2,124,"f3316a9872abe56044d89470074f6138499dd1442eb3164e58a3a041628d55ed",737280,PPBENCH,bench-nds-hw-arm-combined-physics-itcm,scene_position_sum_y,1,1943,1943,1943,1943,0,0,d8635f64,1
"melonds","physics-backports",2,124,"f3316a9872abe56044d89470074f6138499dd1442eb3164e58a3a041628d55ed",737280,PPBENCH,bench-nds-hw-arm-combined-physics-itcm,hit_test_heap_delta_bytes,1,0,0,0,0,0,0,d82df0ac,1
"melonds","physics-backports",2,124,"f3316a9872abe56044d89470074f6138499dd1442eb3164e58a3a041628d55ed",737280,PPBENCH,bench-nds-hw-arm-combined-physics-itcm,touch_create_and_drag,225,1405482,6246,28,96357,0,0,d8635f64,1
"melonds","physics-backports",2,124,"f3316a9872abe56044d89470074f6138499dd1442eb3164e58a3a041628d55ed",737280,PPBENCH,bench-nds-hw-arm-combined-physics-itcm,hit_test,600,956385,1593,1214,2992,0,0,d82df0ac,1
"melonds","physics-backports",2,124,"f3316a9872abe56044d89470074f6138499dd1442eb3164e58a3a041628d55ed",737280,PPBENCH,bench-nds-hw-arm-combined-physics-itcm,physics_step,240,26650164,111042,84317,163366,558566,0,8c4d9050,1
"melonds","physics-backports",2,124,"f3316a9872abe56044d89470074f6138499dd1442eb3164e58a3a041628d55ed",737280,PPBENCH,bench-nds-hw-arm-combined-physics-itcm,render_frame,240,106762676,444844,36370,475296,558566,0,8c4d9050,1
"melonds","physics-backports",2,124,"f3316a9872abe56044d89470074f6138499dd1442eb3164e58a3a041628d55ed",737280,PPBENCH,bench-nds-hw-arm-combined-physics-itcm,render_begin,240,128827,536,531,1918,558566,0,8c4d9050,1
"melonds","physics-backports",2,124,"f3316a9872abe56044d89470074f6138499dd1442eb3164e58a3a041628d55ed",737280,PPBENCH,bench-nds-hw-arm-combined-physics-itcm,render_canvas,240,106606489,444193,35725,474651,558566,0,8c4d9050,1
"melonds","physics-backports",2,124,"f3316a9872abe56044d89470074f6138499dd1442eb3164e58a3a041628d55ed",737280,PPBENCH,bench-nds-hw-arm-combined-physics-itcm,render_end,240,8160,34,34,34,558566,0,8c4d9050,1
"melonds","physics-backports",2,124,"f3316a9872abe56044d89470074f6138499dd1442eb3164e58a3a041628d55ed",737280,PPBENCH,bench-nds-hw-arm-combined-physics-itcm,frame_total,240,133448027,556033,123662,559826,558566,228,8c4d9050,1
"melonds","physics-backports",2,124,"f3316a9872abe56044d89470074f6138499dd1442eb3164e58a3a041628d55ed",737280,PPBENCH,bench-nds-hw-arm-combined-physics-itcm,frame_over_1pct_count,1,0,0,0,0,0,0,8c4d9050,1
"melonds","physics-backports",2,124,"f3316a9872abe56044d89470074f6138499dd1442eb3164e58a3a041628d55ed",737280,PPBENCH,bench-nds-hw-arm-combined-physics-itcm,frame_over_2x_count,1,0,0,0,0,0,0,8c4d9050,1
"melonds","physics-backports",2,124,"f3316a9872abe56044d89470074f6138499dd1442eb3164e58a3a041628d55ed",737280,PPBENCH,bench-nds-hw-arm-combined-physics-itcm,visible_things_rendered,1,5166,5166,5166,5166,0,0,8c4d9050,1
"melonds","physics-backports",2,124,"f3316a9872abe56044d89470074f6138499dd1442eb3164e58a3a041628d55ed",737280,PPBENCH,bench-nds-hw-arm-combined-physics-itcm,line_quads_rendered,1,22549,22549,22549,22549,0,0,8c4d9050,1
"melonds","physics-backports",2,124,"f3316a9872abe56044d89470074f6138499dd1442eb3164e58a3a041628d55ed",737280,PPBENCH,bench-nds-hw-arm-combined-physics-itcm,things_final,1,27,27,27,27,0,0,8c4d9050,1
"melonds","physics-backports",2,124,"f3316a9872abe56044d89470074f6138499dd1442eb3164e58a3a041628d55ed",737280,PPBENCH,bench-nds-hw-arm-combined-physics-itcm,behavior_pass,1,1,1,1,1,0,0,8c4d9050,1
"melonds","physics-backports",2,124,"f3316a9872abe56044d89470074f6138499dd1442eb3164e58a3a041628d55ed",737280,PPBENCH,bench-nds-hw-arm-combined-physics-itcm,hit_test_heap_fixed_pass,1,1,1,1,1,0,0,d82df0ac,1
"melonds","physics-backports",2,124,"f3316a9872abe56044d89470074f6138499dd1442eb3164e58a3a041628d55ed",737280,PPBENCH,bench-nds-hw-arm-combined-physics-itcm,overall_pass,1,1,1,1,1,0,0,8c4d9050,1
"melonds","render-backports",1,124,"9c157db72c10f6acb113d62c53bf5168d7b14536e6d632dac884e2a4fb9159c4",737280,PPBENCH,bench-nds-hw-arm-combined-render-itcm,benchmark_started,1,1,1,1,1,0,0,00000000,1
"melonds","render-backports",1,124,"9c157db72c10f6acb113d62c53bf5168d7b14536e6d632dac884e2a4fb9159c4",737280,PPBENCH,bench-nds-hw-arm-combined-render-itcm,file_output_ready,1,0,0,0,0,0,0,00000000,1
"melonds","render-backports",1,124,"9c157db72c10f6acb113d62c53bf5168d7b14536e6d632dac884e2a4fb9159c4",737280,PPBENCH,bench-nds-hw-arm-combined-render-itcm,timer_read_overhead_ticks,1,13,13,13,13,0,0,00000000,1
"melonds","render-backports",1,124,"9c157db72c10f6acb113d62c53bf5168d7b14536e6d632dac884e2a4fb9159c4",737280,PPBENCH,bench-nds-hw-arm-combined-render-itcm,scene_things_created,1,27,27,27,27,0,0,d8635f64,1
"melonds","render-backports",1,124,"9c157db72c10f6acb113d62c53bf5168d7b14536e6d632dac884e2a4fb9159c4",737280,PPBENCH,bench-nds-hw-arm-combined-render-itcm,scene_position_sum_x,1,2995,2995,2995,2995,0,0,d8635f64,1
"melonds","render-backports",1,124,"9c157db72c10f6acb113d62c53bf5168d7b14536e6d632dac884e2a4fb9159c4",737280,PPBENCH,bench-nds-hw-arm-combined-render-itcm,scene_position_sum_y,1,1943,1943,1943,1943,0,0,d8635f64,1
"melonds","render-backports",1,124,"9c157db72c10f6acb113d62c53bf5168d7b14536e6d632dac884e2a4fb9159c4",737280,PPBENCH,bench-nds-hw-arm-combined-render-itcm,hit_test_heap_delta_bytes,1,0,0,0,0,0,0,d82df0ac,1
"melonds","render-backports",1,124,"9c157db72c10f6acb113d62c53bf5168d7b14536e6d632dac884e2a4fb9159c4",737280,PPBENCH,bench-nds-hw-arm-combined-render-itcm,touch_create_and_drag,225,1404389,6241,28,96306,0,0,d8635f64,1
"melonds","render-backports",1,124,"9c157db72c10f6acb113d62c53bf5168d7b14536e6d632dac884e2a4fb9159c4",737280,PPBENCH,bench-nds-hw-arm-combined-render-itcm,hit_test,600,984693,1641,1273,3233,0,0,d82df0ac,1
"melonds","render-backports",1,124,"9c157db72c10f6acb113d62c53bf5168d7b14536e6d632dac884e2a4fb9159c4",737280,PPBENCH,bench-nds-hw-arm-combined-render-itcm,physics_step,240,28349400,118122,90648,174439,558566,0,8c4d9050,1
"melonds","render-backports",1,124,"9c157db72c10f6acb113d62c53bf5168d7b14536e6d632dac884e2a4fb9159c4",737280,PPBENCH,bench-nds-hw-arm-combined-render-itcm,render_frame,240,105043383,437680,32796,468907,558566,0,8c4d9050,1
"melonds","render-backports",1,124,"9c157db72c10f6acb113d62c53bf5168d7b14536e6d632dac884e2a4fb9159c4",737280,PPBENCH,bench-nds-hw-arm-combined-render-itcm,render_begin,240,126960,529,529,529,558566,0,8c4d9050,1
"melonds","render-backports",1,124,"9c157db72c10f6acb113d62c53bf5168d7b14536e6d632dac884e2a4fb9159c4",737280,PPBENCH,bench-nds-hw-arm-combined-render-itcm,render_canvas,240,104888823,437036,32152,468263,558566,0,8c4d9050,1
"melonds","render-backports",1,124,"9c157db72c10f6acb113d62c53bf5168d7b14536e6d632dac884e2a4fb9159c4",737280,PPBENCH,bench-nds-hw-arm-combined-render-itcm,render_end,240,8400,35,35,35,558566,0,8c4d9050,1
"melonds","render-backports",1,124,"9c157db72c10f6acb113d62c53bf5168d7b14536e6d632dac884e2a4fb9159c4",737280,PPBENCH,bench-nds-hw-arm-combined-render-itcm,frame_total,240,133427526,555948,127165,559805,558566,230,8c4d9050,1
"melonds","render-backports",1,124,"9c157db72c10f6acb113d62c53bf5168d7b14536e6d632dac884e2a4fb9159c4",737280,PPBENCH,bench-nds-hw-arm-combined-render-itcm,frame_over_1pct_count,1,0,0,0,0,0,0,8c4d9050,1
"melonds","render-backports",1,124,"9c157db72c10f6acb113d62c53bf5168d7b14536e6d632dac884e2a4fb9159c4",737280,PPBENCH,bench-nds-hw-arm-combined-render-itcm,frame_over_2x_count,1,0,0,0,0,0,0,8c4d9050,1
"melonds","render-backports",1,124,"9c157db72c10f6acb113d62c53bf5168d7b14536e6d632dac884e2a4fb9159c4",737280,PPBENCH,bench-nds-hw-arm-combined-render-itcm,visible_things_rendered,1,5166,5166,5166,5166,0,0,8c4d9050,1
"melonds","render-backports",1,124,"9c157db72c10f6acb113d62c53bf5168d7b14536e6d632dac884e2a4fb9159c4",737280,PPBENCH,bench-nds-hw-arm-combined-render-itcm,line_quads_rendered,1,22549,22549,22549,22549,0,0,8c4d9050,1
"melonds","render-backports",1,124,"9c157db72c10f6acb113d62c53bf5168d7b14536e6d632dac884e2a4fb9159c4",737280,PPBENCH,bench-nds-hw-arm-combined-render-itcm,things_final,1,27,27,27,27,0,0,8c4d9050,1
"melonds","render-backports",1,124,"9c157db72c10f6acb113d62c53bf5168d7b14536e6d632dac884e2a4fb9159c4",737280,PPBENCH,bench-nds-hw-arm-combined-render-itcm,behavior_pass,1,1,1,1,1,0,0,8c4d9050,1
"melonds","render-backports",1,124,"9c157db72c10f6acb113d62c53bf5168d7b14536e6d632dac884e2a4fb9159c4",737280,PPBENCH,bench-nds-hw-arm-combined-render-itcm,hit_test_heap_fixed_pass,1,1,1,1,1,0,0,d82df0ac,1
"melonds","render-backports",1,124,"9c157db72c10f6acb113d62c53bf5168d7b14536e6d632dac884e2a4fb9159c4",737280,PPBENCH,bench-nds-hw-arm-combined-render-itcm,overall_pass,1,1,1,1,1,0,0,8c4d9050,1
"melonds","render-backports",2,124,"9c157db72c10f6acb113d62c53bf5168d7b14536e6d632dac884e2a4fb9159c4",737280,PPBENCH,bench-nds-hw-arm-combined-render-itcm,benchmark_started,1,1,1,1,1,0,0,00000000,1
"melonds","render-backports",2,124,"9c157db72c10f6acb113d62c53bf5168d7b14536e6d632dac884e2a4fb9159c4",737280,PPBENCH,bench-nds-hw-arm-combined-render-itcm,file_output_ready,1,0,0,0,0,0,0,00000000,1
"melonds","render-backports",2,124,"9c157db72c10f6acb113d62c53bf5168d7b14536e6d632dac884e2a4fb9159c4",737280,PPBENCH,bench-nds-hw-arm-combined-render-itcm,timer_read_overhead_ticks,1,13,13,13,13,0,0,00000000,1
"melonds","render-backports",2,124,"9c157db72c10f6acb113d62c53bf5168d7b14536e6d632dac884e2a4fb9159c4",737280,PPBENCH,bench-nds-hw-arm-combined-render-itcm,scene_things_created,1,27,27,27,27,0,0,d8635f64,1
"melonds","render-backports",2,124,"9c157db72c10f6acb113d62c53bf5168d7b14536e6d632dac884e2a4fb9159c4",737280,PPBENCH,bench-nds-hw-arm-combined-render-itcm,scene_position_sum_x,1,2995,2995,2995,2995,0,0,d8635f64,1
"melonds","render-backports",2,124,"9c157db72c10f6acb113d62c53bf5168d7b14536e6d632dac884e2a4fb9159c4",737280,PPBENCH,bench-nds-hw-arm-combined-render-itcm,scene_position_sum_y,1,1943,1943,1943,1943,0,0,d8635f64,1
"melonds","render-backports",2,124,"9c157db72c10f6acb113d62c53bf5168d7b14536e6d632dac884e2a4fb9159c4",737280,PPBENCH,bench-nds-hw-arm-combined-render-itcm,hit_test_heap_delta_bytes,1,0,0,0,0,0,0,d82df0ac,1
"melonds","render-backports",2,124,"9c157db72c10f6acb113d62c53bf5168d7b14536e6d632dac884e2a4fb9159c4",737280,PPBENCH,bench-nds-hw-arm-combined-render-itcm,touch_create_and_drag,225,1404389,6241,28,96306,0,0,d8635f64,1
"melonds","render-backports",2,124,"9c157db72c10f6acb113d62c53bf5168d7b14536e6d632dac884e2a4fb9159c4",737280,PPBENCH,bench-nds-hw-arm-combined-render-itcm,hit_test,600,984693,1641,1273,3233,0,0,d82df0ac,1
"melonds","render-backports",2,124,"9c157db72c10f6acb113d62c53bf5168d7b14536e6d632dac884e2a4fb9159c4",737280,PPBENCH,bench-nds-hw-arm-combined-render-itcm,physics_step,240,28349400,118122,90648,174439,558566,0,8c4d9050,1
"melonds","render-backports",2,124,"9c157db72c10f6acb113d62c53bf5168d7b14536e6d632dac884e2a4fb9159c4",737280,PPBENCH,bench-nds-hw-arm-combined-render-itcm,render_frame,240,105043383,437680,32796,468907,558566,0,8c4d9050,1
"melonds","render-backports",2,124,"9c157db72c10f6acb113d62c53bf5168d7b14536e6d632dac884e2a4fb9159c4",737280,PPBENCH,bench-nds-hw-arm-combined-render-itcm,render_begin,240,126960,529,529,529,558566,0,8c4d9050,1
"melonds","render-backports",2,124,"9c157db72c10f6acb113d62c53bf5168d7b14536e6d632dac884e2a4fb9159c4",737280,PPBENCH,bench-nds-hw-arm-combined-render-itcm,render_canvas,240,104888823,437036,32152,468263,558566,0,8c4d9050,1
"melonds","render-backports",2,124,"9c157db72c10f6acb113d62c53bf5168d7b14536e6d632dac884e2a4fb9159c4",737280,PPBENCH,bench-nds-hw-arm-combined-render-itcm,render_end,240,8400,35,35,35,558566,0,8c4d9050,1
"melonds","render-backports",2,124,"9c157db72c10f6acb113d62c53bf5168d7b14536e6d632dac884e2a4fb9159c4",737280,PPBENCH,bench-nds-hw-arm-combined-render-itcm,frame_total,240,133427526,555948,127165,559805,558566,230,8c4d9050,1
"melonds","render-backports",2,124,"9c157db72c10f6acb113d62c53bf5168d7b14536e6d632dac884e2a4fb9159c4",737280,PPBENCH,bench-nds-hw-arm-combined-render-itcm,frame_over_1pct_count,1,0,0,0,0,0,0,8c4d9050,1
"melonds","render-backports",2,124,"9c157db72c10f6acb113d62c53bf5168d7b14536e6d632dac884e2a4fb9159c4",737280,PPBENCH,bench-nds-hw-arm-combined-render-itcm,frame_over_2x_count,1,0,0,0,0,0,0,8c4d9050,1
"melonds","render-backports",2,124,"9c157db72c10f6acb113d62c53bf5168d7b14536e6d632dac884e2a4fb9159c4",737280,PPBENCH,bench-nds-hw-arm-combined-render-itcm,visible_things_rendered,1,5166,5166,5166,5166,0,0,8c4d9050,1
"melonds","render-backports",2,124,"9c157db72c10f6acb113d62c53bf5168d7b14536e6d632dac884e2a4fb9159c4",737280,PPBENCH,bench-nds-hw-arm-combined-render-itcm,line_quads_rendered,1,22549,22549,22549,22549,0,0,8c4d9050,1
"melonds","render-backports",2,124,"9c157db72c10f6acb113d62c53bf5168d7b14536e6d632dac884e2a4fb9159c4",737280,PPBENCH,bench-nds-hw-arm-combined-render-itcm,things_final,1,27,27,27,27,0,0,8c4d9050,1
"melonds","render-backports",2,124,"9c157db72c10f6acb113d62c53bf5168d7b14536e6d632dac884e2a4fb9159c4",737280,PPBENCH,bench-nds-hw-arm-combined-render-itcm,behavior_pass,1,1,1,1,1,0,0,8c4d9050,1
"melonds","render-backports",2,124,"9c157db72c10f6acb113d62c53bf5168d7b14536e6d632dac884e2a4fb9159c4",737280,PPBENCH,bench-nds-hw-arm-combined-render-itcm,hit_test_heap_fixed_pass,1,1,1,1,1,0,0,d82df0ac,1
"melonds","render-backports",2,124,"9c157db72c10f6acb113d62c53bf5168d7b14536e6d632dac884e2a4fb9159c4",737280,PPBENCH,bench-nds-hw-arm-combined-render-itcm,overall_pass,1,1,1,1,1,0,0,8c4d9050,1
"melonds","broad-itcm",1,124,"3bca9b0fbb4f9615ec2ee49633671dfefe2822bf4f6a5a7c9da0847964443322",737280,PPBENCH,bench-nds-hw-arm-combined-hot-itcm,benchmark_started,1,1,1,1,1,0,0,00000000,1
"melonds","broad-itcm",1,124,"3bca9b0fbb4f9615ec2ee49633671dfefe2822bf4f6a5a7c9da0847964443322",737280,PPBENCH,bench-nds-hw-arm-combined-hot-itcm,file_output_ready,1,0,0,0,0,0,0,00000000,1
"melonds","broad-itcm",1,124,"3bca9b0fbb4f9615ec2ee49633671dfefe2822bf4f6a5a7c9da0847964443322",737280,PPBENCH,bench-nds-hw-arm-combined-hot-itcm,timer_read_overhead_ticks,1,13,13,13,13,0,0,00000000,1
"melonds","broad-itcm",1,124,"3bca9b0fbb4f9615ec2ee49633671dfefe2822bf4f6a5a7c9da0847964443322",737280,PPBENCH,bench-nds-hw-arm-combined-hot-itcm,scene_things_created,1,27,27,27,27,0,0,d8635f64,1
"melonds","broad-itcm",1,124,"3bca9b0fbb4f9615ec2ee49633671dfefe2822bf4f6a5a7c9da0847964443322",737280,PPBENCH,bench-nds-hw-arm-combined-hot-itcm,scene_position_sum_x,1,2995,2995,2995,2995,0,0,d8635f64,1
"melonds","broad-itcm",1,124,"3bca9b0fbb4f9615ec2ee49633671dfefe2822bf4f6a5a7c9da0847964443322",737280,PPBENCH,bench-nds-hw-arm-combined-hot-itcm,scene_position_sum_y,1,1943,1943,1943,1943,0,0,d8635f64,1
"melonds","broad-itcm",1,124,"3bca9b0fbb4f9615ec2ee49633671dfefe2822bf4f6a5a7c9da0847964443322",737280,PPBENCH,bench-nds-hw-arm-combined-hot-itcm,hit_test_heap_delta_bytes,1,0,0,0,0,0,0,d82df0ac,1
"melonds","broad-itcm",1,124,"3bca9b0fbb4f9615ec2ee49633671dfefe2822bf4f6a5a7c9da0847964443322",737280,PPBENCH,bench-nds-hw-arm-combined-hot-itcm,touch_create_and_drag,225,1400803,6225,28,95833,0,0,d8635f64,1
"melonds","broad-itcm",1,124,"3bca9b0fbb4f9615ec2ee49633671dfefe2822bf4f6a5a7c9da0847964443322",737280,PPBENCH,bench-nds-hw-arm-combined-hot-itcm,hit_test,600,968691,1614,1271,3141,0,0,d82df0ac,1
"melonds","broad-itcm",1,124,"3bca9b0fbb4f9615ec2ee49633671dfefe2822bf4f6a5a7c9da0847964443322",737280,PPBENCH,bench-nds-hw-arm-combined-hot-itcm,physics_step,240,26693577,111223,84496,163524,558566,0,8c4d9050,1
"melonds","broad-itcm",1,124,"3bca9b0fbb4f9615ec2ee49633671dfefe2822bf4f6a5a7c9da0847964443322",737280,PPBENCH,bench-nds-hw-arm-combined-hot-itcm,render_frame,240,106768150,444867,32862,475143,558566,0,8c4d9050,1
"melonds","broad-itcm",1,124,"3bca9b0fbb4f9615ec2ee49633671dfefe2822bf4f6a5a7c9da0847964443322",737280,PPBENCH,bench-nds-hw-arm-combined-hot-itcm,render_begin,240,126365,526,526,527,558566,0,8c4d9050,1
"melonds","broad-itcm",1,124,"3bca9b0fbb4f9615ec2ee49633671dfefe2822bf4f6a5a7c9da0847964443322",737280,PPBENCH,bench-nds-hw-arm-combined-hot-itcm,render_canvas,240,106614185,444225,32220,474501,558566,0,8c4d9050,1
"melonds","broad-itcm",1,124,"3bca9b0fbb4f9615ec2ee49633671dfefe2822bf4f6a5a7c9da0847964443322",737280,PPBENCH,bench-nds-hw-arm-combined-hot-itcm,render_end,240,8400,35,35,35,558566,0,8c4d9050,1
"melonds","broad-itcm",1,124,"3bca9b0fbb4f9615ec2ee49633671dfefe2822bf4f6a5a7c9da0847964443322",737280,PPBENCH,bench-nds-hw-arm-combined-hot-itcm,frame_total,240,133496635,556235,120170,559854,558566,231,8c4d9050,1
"melonds","broad-itcm",1,124,"3bca9b0fbb4f9615ec2ee49633671dfefe2822bf4f6a5a7c9da0847964443322",737280,PPBENCH,bench-nds-hw-arm-combined-hot-itcm,frame_over_1pct_count,1,0,0,0,0,0,0,8c4d9050,1
"melonds","broad-itcm",1,124,"3bca9b0fbb4f9615ec2ee49633671dfefe2822bf4f6a5a7c9da0847964443322",737280,PPBENCH,bench-nds-hw-arm-combined-hot-itcm,frame_over_2x_count,1,0,0,0,0,0,0,8c4d9050,1
"melonds","broad-itcm",1,124,"3bca9b0fbb4f9615ec2ee49633671dfefe2822bf4f6a5a7c9da0847964443322",737280,PPBENCH,bench-nds-hw-arm-combined-hot-itcm,visible_things_rendered,1,5166,5166,5166,5166,0,0,8c4d9050,1
"melonds","broad-itcm",1,124,"3bca9b0fbb4f9615ec2ee49633671dfefe2822bf4f6a5a7c9da0847964443322",737280,PPBENCH,bench-nds-hw-arm-combined-hot-itcm,line_quads_rendered,1,22549,22549,22549,22549,0,0,8c4d9050,1
"melonds","broad-itcm",1,124,"3bca9b0fbb4f9615ec2ee49633671dfefe2822bf4f6a5a7c9da0847964443322",737280,PPBENCH,bench-nds-hw-arm-combined-hot-itcm,things_final,1,27,27,27,27,0,0,8c4d9050,1
"melonds","broad-itcm",1,124,"3bca9b0fbb4f9615ec2ee49633671dfefe2822bf4f6a5a7c9da0847964443322",737280,PPBENCH,bench-nds-hw-arm-combined-hot-itcm,behavior_pass,1,1,1,1,1,0,0,8c4d9050,1
"melonds","broad-itcm",1,124,"3bca9b0fbb4f9615ec2ee49633671dfefe2822bf4f6a5a7c9da0847964443322",737280,PPBENCH,bench-nds-hw-arm-combined-hot-itcm,hit_test_heap_fixed_pass,1,1,1,1,1,0,0,d82df0ac,1
"melonds","broad-itcm",1,124,"3bca9b0fbb4f9615ec2ee49633671dfefe2822bf4f6a5a7c9da0847964443322",737280,PPBENCH,bench-nds-hw-arm-combined-hot-itcm,overall_pass,1,1,1,1,1,0,0,8c4d9050,1
"melonds","broad-itcm",2,124,"3bca9b0fbb4f9615ec2ee49633671dfefe2822bf4f6a5a7c9da0847964443322",737280,PPBENCH,bench-nds-hw-arm-combined-hot-itcm,benchmark_started,1,1,1,1,1,0,0,00000000,1
"melonds","broad-itcm",2,124,"3bca9b0fbb4f9615ec2ee49633671dfefe2822bf4f6a5a7c9da0847964443322",737280,PPBENCH,bench-nds-hw-arm-combined-hot-itcm,file_output_ready,1,0,0,0,0,0,0,00000000,1
"melonds","broad-itcm",2,124,"3bca9b0fbb4f9615ec2ee49633671dfefe2822bf4f6a5a7c9da0847964443322",737280,PPBENCH,bench-nds-hw-arm-combined-hot-itcm,timer_read_overhead_ticks,1,13,13,13,13,0,0,00000000,1
"melonds","broad-itcm",2,124,"3bca9b0fbb4f9615ec2ee49633671dfefe2822bf4f6a5a7c9da0847964443322",737280,PPBENCH,bench-nds-hw-arm-combined-hot-itcm,scene_things_created,1,27,27,27,27,0,0,d8635f64,1
"melonds","broad-itcm",2,124,"3bca9b0fbb4f9615ec2ee49633671dfefe2822bf4f6a5a7c9da0847964443322",737280,PPBENCH,bench-nds-hw-arm-combined-hot-itcm,scene_position_sum_x,1,2995,2995,2995,2995,0,0,d8635f64,1
"melonds","broad-itcm",2,124,"3bca9b0fbb4f9615ec2ee49633671dfefe2822bf4f6a5a7c9da0847964443322",737280,PPBENCH,bench-nds-hw-arm-combined-hot-itcm,scene_position_sum_y,1,1943,1943,1943,1943,0,0,d8635f64,1
"melonds","broad-itcm",2,124,"3bca9b0fbb4f9615ec2ee49633671dfefe2822bf4f6a5a7c9da0847964443322",737280,PPBENCH,bench-nds-hw-arm-combined-hot-itcm,hit_test_heap_delta_bytes,1,0,0,0,0,0,0,d82df0ac,1
"melonds","broad-itcm",2,124,"3bca9b0fbb4f9615ec2ee49633671dfefe2822bf4f6a5a7c9da0847964443322",737280,PPBENCH,bench-nds-hw-arm-combined-hot-itcm,touch_create_and_drag,225,1400803,6225,28,95833,0,0,d8635f64,1
"melonds","broad-itcm",2,124,"3bca9b0fbb4f9615ec2ee49633671dfefe2822bf4f6a5a7c9da0847964443322",737280,PPBENCH,bench-nds-hw-arm-combined-hot-itcm,hit_test,600,968691,1614,1271,3141,0,0,d82df0ac,1
"melonds","broad-itcm",2,124,"3bca9b0fbb4f9615ec2ee49633671dfefe2822bf4f6a5a7c9da0847964443322",737280,PPBENCH,bench-nds-hw-arm-combined-hot-itcm,physics_step,240,26693577,111223,84496,163524,558566,0,8c4d9050,1
"melonds","broad-itcm",2,124,"3bca9b0fbb4f9615ec2ee49633671dfefe2822bf4f6a5a7c9da0847964443322",737280,PPBENCH,bench-nds-hw-arm-combined-hot-itcm,render_frame,240,106768150,444867,32862,475143,558566,0,8c4d9050,1
"melonds","broad-itcm",2,124,"3bca9b0fbb4f9615ec2ee49633671dfefe2822bf4f6a5a7c9da0847964443322",737280,PPBENCH,bench-nds-hw-arm-combined-hot-itcm,render_begin,240,126365,526,526,527,558566,0,8c4d9050,1
"melonds","broad-itcm",2,124,"3bca9b0fbb4f9615ec2ee49633671dfefe2822bf4f6a5a7c9da0847964443322",737280,PPBENCH,bench-nds-hw-arm-combined-hot-itcm,render_canvas,240,106614185,444225,32220,474501,558566,0,8c4d9050,1
"melonds","broad-itcm",2,124,"3bca9b0fbb4f9615ec2ee49633671dfefe2822bf4f6a5a7c9da0847964443322",737280,PPBENCH,bench-nds-hw-arm-combined-hot-itcm,render_end,240,8400,35,35,35,558566,0,8c4d9050,1
"melonds","broad-itcm",2,124,"3bca9b0fbb4f9615ec2ee49633671dfefe2822bf4f6a5a7c9da0847964443322",737280,PPBENCH,bench-nds-hw-arm-combined-hot-itcm,frame_total,240,133496635,556235,120170,559854,558566,231,8c4d9050,1
"melonds","broad-itcm",2,124,"3bca9b0fbb4f9615ec2ee49633671dfefe2822bf4f6a5a7c9da0847964443322",737280,PPBENCH,bench-nds-hw-arm-combined-hot-itcm,frame_over_1pct_count,1,0,0,0,0,0,0,8c4d9050,1
"melonds","broad-itcm",2,124,"3bca9b0fbb4f9615ec2ee49633671dfefe2822bf4f6a5a7c9da0847964443322",737280,PPBENCH,bench-nds-hw-arm-combined-hot-itcm,frame_over_2x_count,1,0,0,0,0,0,0,8c4d9050,1
"melonds","broad-itcm",2,124,"3bca9b0fbb4f9615ec2ee49633671dfefe2822bf4f6a5a7c9da0847964443322",737280,PPBENCH,bench-nds-hw-arm-combined-hot-itcm,visible_things_rendered,1,5166,5166,5166,5166,0,0,8c4d9050,1
"melonds","broad-itcm",2,124,"3bca9b0fbb4f9615ec2ee49633671dfefe2822bf4f6a5a7c9da0847964443322",737280,PPBENCH,bench-nds-hw-arm-combined-hot-itcm,line_quads_rendered,1,22549,22549,22549,22549,0,0,8c4d9050,1
"melonds","broad-itcm",2,124,"3bca9b0fbb4f9615ec2ee49633671dfefe2822bf4f6a5a7c9da0847964443322",737280,PPBENCH,bench-nds-hw-arm-combined-hot-itcm,things_final,1,27,27,27,27,0,0,8c4d9050,1
"melonds","broad-itcm",2,124,"3bca9b0fbb4f9615ec2ee49633671dfefe2822bf4f6a5a7c9da0847964443322",737280,PPBENCH,bench-nds-hw-arm-combined-hot-itcm,behavior_pass,1,1,1,1,1,0,0,8c4d9050,1
"melonds","broad-itcm",2,124,"3bca9b0fbb4f9615ec2ee49633671dfefe2822bf4f6a5a7c9da0847964443322",737280,PPBENCH,bench-nds-hw-arm-combined-hot-itcm,hit_test_heap_fixed_pass,1,1,1,1,1,0,0,d82df0ac,1
"melonds","broad-itcm",2,124,"3bca9b0fbb4f9615ec2ee49633671dfefe2822bf4f6a5a7c9da0847964443322",737280,PPBENCH,bench-nds-hw-arm-combined-hot-itcm,overall_pass,1,1,1,1,1,0,0,8c4d9050,1
"melonds","physics-draw-itcm",1,124,"05ebbf9727fcabfab0108fc2708920e75c191279a9766a8ae91faea0fa4027c5",737280,PPBENCH,bench-nds-hw-arm-combined-physics-draw-itcm,benchmark_started,1,1,1,1,1,0,0,00000000,1
"melonds","physics-draw-itcm",1,124,"05ebbf9727fcabfab0108fc2708920e75c191279a9766a8ae91faea0fa4027c5",737280,PPBENCH,bench-nds-hw-arm-combined-physics-draw-itcm,file_output_ready,1,0,0,0,0,0,0,00000000,1
"melonds","physics-draw-itcm",1,124,"05ebbf9727fcabfab0108fc2708920e75c191279a9766a8ae91faea0fa4027c5",737280,PPBENCH,bench-nds-hw-arm-combined-physics-draw-itcm,timer_read_overhead_ticks,1,15,15,15,15,0,0,00000000,1
"melonds","physics-draw-itcm",1,124,"05ebbf9727fcabfab0108fc2708920e75c191279a9766a8ae91faea0fa4027c5",737280,PPBENCH,bench-nds-hw-arm-combined-physics-draw-itcm,scene_things_created,1,27,27,27,27,0,0,d8635f64,1
"melonds","physics-draw-itcm",1,124,"05ebbf9727fcabfab0108fc2708920e75c191279a9766a8ae91faea0fa4027c5",737280,PPBENCH,bench-nds-hw-arm-combined-physics-draw-itcm,scene_position_sum_x,1,2995,2995,2995,2995,0,0,d8635f64,1
"melonds","physics-draw-itcm",1,124,"05ebbf9727fcabfab0108fc2708920e75c191279a9766a8ae91faea0fa4027c5",737280,PPBENCH,bench-nds-hw-arm-combined-physics-draw-itcm,scene_position_sum_y,1,1943,1943,1943,1943,0,0,d8635f64,1
"melonds","physics-draw-itcm",1,124,"05ebbf9727fcabfab0108fc2708920e75c191279a9766a8ae91faea0fa4027c5",737280,PPBENCH,bench-nds-hw-arm-combined-physics-draw-itcm,hit_test_heap_delta_bytes,1,0,0,0,0,0,0,d82df0ac,1
"melonds","physics-draw-itcm",1,124,"05ebbf9727fcabfab0108fc2708920e75c191279a9766a8ae91faea0fa4027c5",737280,PPBENCH,bench-nds-hw-arm-combined-physics-draw-itcm,touch_create_and_drag,225,1406180,6249,28,96375,0,0,d8635f64,1
"melonds","physics-draw-itcm",1,124,"05ebbf9727fcabfab0108fc2708920e75c191279a9766a8ae91faea0fa4027c5",737280,PPBENCH,bench-nds-hw-arm-combined-physics-draw-itcm,hit_test,600,968854,1614,1235,3401,0,0,d82df0ac,1
"melonds","physics-draw-itcm",1,124,"05ebbf9727fcabfab0108fc2708920e75c191279a9766a8ae91faea0fa4027c5",737280,PPBENCH,bench-nds-hw-arm-combined-physics-draw-itcm,physics_step,240,26658683,111077,84333,163417,558566,0,8c4d9050,1
"melonds","physics-draw-itcm",1,124,"05ebbf9727fcabfab0108fc2708920e75c191279a9766a8ae91faea0fa4027c5",737280,PPBENCH,bench-nds-hw-arm-combined-physics-draw-itcm,render_frame,240,106711584,444631,34097,475288,558566,0,8c4d9050,1
"melonds","physics-draw-itcm",1,124,"05ebbf9727fcabfab0108fc2708920e75c191279a9766a8ae91faea0fa4027c5",737280,PPBENCH,bench-nds-hw-arm-combined-physics-draw-itcm,render_begin,240,127440,531,531,531,558566,0,8c4d9050,1
"melonds","physics-draw-itcm",1,124,"05ebbf9727fcabfab0108fc2708920e75c191279a9766a8ae91faea0fa4027c5",737280,PPBENCH,bench-nds-hw-arm-combined-physics-draw-itcm,render_canvas,240,106556784,443986,33452,474643,558566,0,8c4d9050,1
"melonds","physics-draw-itcm",1,124,"05ebbf9727fcabfab0108fc2708920e75c191279a9766a8ae91faea0fa4027c5",737280,PPBENCH,bench-nds-hw-arm-combined-physics-draw-itcm,render_end,240,8160,34,34,34,558566,0,8c4d9050,1
"melonds","physics-draw-itcm",1,124,"05ebbf9727fcabfab0108fc2708920e75c191279a9766a8ae91faea0fa4027c5",737280,PPBENCH,bench-nds-hw-arm-combined-physics-draw-itcm,frame_total,240,133405143,555854,121401,559839,558566,230,8c4d9050,1
"melonds","physics-draw-itcm",1,124,"05ebbf9727fcabfab0108fc2708920e75c191279a9766a8ae91faea0fa4027c5",737280,PPBENCH,bench-nds-hw-arm-combined-physics-draw-itcm,frame_over_1pct_count,1,0,0,0,0,0,0,8c4d9050,1
"melonds","physics-draw-itcm",1,124,"05ebbf9727fcabfab0108fc2708920e75c191279a9766a8ae91faea0fa4027c5",737280,PPBENCH,bench-nds-hw-arm-combined-physics-draw-itcm,frame_over_2x_count,1,0,0,0,0,0,0,8c4d9050,1
"melonds","physics-draw-itcm",1,124,"05ebbf9727fcabfab0108fc2708920e75c191279a9766a8ae91faea0fa4027c5",737280,PPBENCH,bench-nds-hw-arm-combined-physics-draw-itcm,visible_things_rendered,1,5166,5166,5166,5166,0,0,8c4d9050,1
"melonds","physics-draw-itcm",1,124,"05ebbf9727fcabfab0108fc2708920e75c191279a9766a8ae91faea0fa4027c5",737280,PPBENCH,bench-nds-hw-arm-combined-physics-draw-itcm,line_quads_rendered,1,22549,22549,22549,22549,0,0,8c4d9050,1
"melonds","physics-draw-itcm",1,124,"05ebbf9727fcabfab0108fc2708920e75c191279a9766a8ae91faea0fa4027c5",737280,PPBENCH,bench-nds-hw-arm-combined-physics-draw-itcm,things_final,1,27,27,27,27,0,0,8c4d9050,1
"melonds","physics-draw-itcm",1,124,"05ebbf9727fcabfab0108fc2708920e75c191279a9766a8ae91faea0fa4027c5",737280,PPBENCH,bench-nds-hw-arm-combined-physics-draw-itcm,behavior_pass,1,1,1,1,1,0,0,8c4d9050,1
"melonds","physics-draw-itcm",1,124,"05ebbf9727fcabfab0108fc2708920e75c191279a9766a8ae91faea0fa4027c5",737280,PPBENCH,bench-nds-hw-arm-combined-physics-draw-itcm,hit_test_heap_fixed_pass,1,1,1,1,1,0,0,d82df0ac,1
"melonds","physics-draw-itcm",1,124,"05ebbf9727fcabfab0108fc2708920e75c191279a9766a8ae91faea0fa4027c5",737280,PPBENCH,bench-nds-hw-arm-combined-physics-draw-itcm,overall_pass,1,1,1,1,1,0,0,8c4d9050,1
"melonds","physics-draw-itcm",2,124,"05ebbf9727fcabfab0108fc2708920e75c191279a9766a8ae91faea0fa4027c5",737280,PPBENCH,bench-nds-hw-arm-combined-physics-draw-itcm,benchmark_started,1,1,1,1,1,0,0,00000000,1
"melonds","physics-draw-itcm",2,124,"05ebbf9727fcabfab0108fc2708920e75c191279a9766a8ae91faea0fa4027c5",737280,PPBENCH,bench-nds-hw-arm-combined-physics-draw-itcm,file_output_ready,1,0,0,0,0,0,0,00000000,1
"melonds","physics-draw-itcm",2,124,"05ebbf9727fcabfab0108fc2708920e75c191279a9766a8ae91faea0fa4027c5",737280,PPBENCH,bench-nds-hw-arm-combined-physics-draw-itcm,timer_read_overhead_ticks,1,15,15,15,15,0,0,00000000,1
"melonds","physics-draw-itcm",2,124,"05ebbf9727fcabfab0108fc2708920e75c191279a9766a8ae91faea0fa4027c5",737280,PPBENCH,bench-nds-hw-arm-combined-physics-draw-itcm,scene_things_created,1,27,27,27,27,0,0,d8635f64,1
"melonds","physics-draw-itcm",2,124,"05ebbf9727fcabfab0108fc2708920e75c191279a9766a8ae91faea0fa4027c5",737280,PPBENCH,bench-nds-hw-arm-combined-physics-draw-itcm,scene_position_sum_x,1,2995,2995,2995,2995,0,0,d8635f64,1
"melonds","physics-draw-itcm",2,124,"05ebbf9727fcabfab0108fc2708920e75c191279a9766a8ae91faea0fa4027c5",737280,PPBENCH,bench-nds-hw-arm-combined-physics-draw-itcm,scene_position_sum_y,1,1943,1943,1943,1943,0,0,d8635f64,1
"melonds","physics-draw-itcm",2,124,"05ebbf9727fcabfab0108fc2708920e75c191279a9766a8ae91faea0fa4027c5",737280,PPBENCH,bench-nds-hw-arm-combined-physics-draw-itcm,hit_test_heap_delta_bytes,1,0,0,0,0,0,0,d82df0ac,1
"melonds","physics-draw-itcm",2,124,"05ebbf9727fcabfab0108fc2708920e75c191279a9766a8ae91faea0fa4027c5",737280,PPBENCH,bench-nds-hw-arm-combined-physics-draw-itcm,touch_create_and_drag,225,1406180,6249,28,96375,0,0,d8635f64,1
"melonds","physics-draw-itcm",2,124,"05ebbf9727fcabfab0108fc2708920e75c191279a9766a8ae91faea0fa4027c5",737280,PPBENCH,bench-nds-hw-arm-combined-physics-draw-itcm,hit_test,600,968854,1614,1235,3401,0,0,d82df0ac,1
"melonds","physics-draw-itcm",2,124,"05ebbf9727fcabfab0108fc2708920e75c191279a9766a8ae91faea0fa4027c5",737280,PPBENCH,bench-nds-hw-arm-combined-physics-draw-itcm,physics_step,240,26658683,111077,84333,163417,558566,0,8c4d9050,1
"melonds","physics-draw-itcm",2,124,"05ebbf9727fcabfab0108fc2708920e75c191279a9766a8ae91faea0fa4027c5",737280,PPBENCH,bench-nds-hw-arm-combined-physics-draw-itcm,render_frame,240,106711584,444631,34097,475288,558566,0,8c4d9050,1
"melonds","physics-draw-itcm",2,124,"05ebbf9727fcabfab0108fc2708920e75c191279a9766a8ae91faea0fa4027c5",737280,PPBENCH,bench-nds-hw-arm-combined-physics-draw-itcm,render_begin,240,127440,531,531,531,558566,0,8c4d9050,1
"melonds","physics-draw-itcm",2,124,"05ebbf9727fcabfab0108fc2708920e75c191279a9766a8ae91faea0fa4027c5",737280,PPBENCH,bench-nds-hw-arm-combined-physics-draw-itcm,render_canvas,240,106556784,443986,33452,474643,558566,0,8c4d9050,1
"melonds","physics-draw-itcm",2,124,"05ebbf9727fcabfab0108fc2708920e75c191279a9766a8ae91faea0fa4027c5",737280,PPBENCH,bench-nds-hw-arm-combined-physics-draw-itcm,render_end,240,8160,34,34,34,558566,0,8c4d9050,1
"melonds","physics-draw-itcm",2,124,"05ebbf9727fcabfab0108fc2708920e75c191279a9766a8ae91faea0fa4027c5",737280,PPBENCH,bench-nds-hw-arm-combined-physics-draw-itcm,frame_total,240,133405143,555854,121401,559839,558566,230,8c4d9050,1
"melonds","physics-draw-itcm",2,124,"05ebbf9727fcabfab0108fc2708920e75c191279a9766a8ae91faea0fa4027c5",737280,PPBENCH,bench-nds-hw-arm-combined-physics-draw-itcm,frame_over_1pct_count,1,0,0,0,0,0,0,8c4d9050,1
"melonds","physics-draw-itcm",2,124,"05ebbf9727fcabfab0108fc2708920e75c191279a9766a8ae91faea0fa4027c5",737280,PPBENCH,bench-nds-hw-arm-combined-physics-draw-itcm,frame_over_2x_count,1,0,0,0,0,0,0,8c4d9050,1
"melonds","physics-draw-itcm",2,124,"05ebbf9727fcabfab0108fc2708920e75c191279a9766a8ae91faea0fa4027c5",737280,PPBENCH,bench-nds-hw-arm-combined-physics-draw-itcm,visible_things_rendered,1,5166,5166,5166,5166,0,0,8c4d9050,1
"melonds","physics-draw-itcm",2,124,"05ebbf9727fcabfab0108fc2708920e75c191279a9766a8ae91faea0fa4027c5",737280,PPBENCH,bench-nds-hw-arm-combined-physics-draw-itcm,line_quads_rendered,1,22549,22549,22549,22549,0,0,8c4d9050,1
"melonds","physics-draw-itcm",2,124,"05ebbf9727fcabfab0108fc2708920e75c191279a9766a8ae91faea0fa4027c5",737280,PPBENCH,bench-nds-hw-arm-combined-physics-draw-itcm,things_final,1,27,27,27,27,0,0,8c4d9050,1
"melonds","physics-draw-itcm",2,124,"05ebbf9727fcabfab0108fc2708920e75c191279a9766a8ae91faea0fa4027c5",737280,PPBENCH,bench-nds-hw-arm-combined-physics-draw-itcm,behavior_pass,1,1,1,1,1,0,0,8c4d9050,1
"melonds","physics-draw-itcm",2,124,"05ebbf9727fcabfab0108fc2708920e75c191279a9766a8ae91faea0fa4027c5",737280,PPBENCH,bench-nds-hw-arm-combined-physics-draw-itcm,hit_test_heap_fixed_pass,1,1,1,1,1,0,0,d82df0ac,1
"melonds","physics-draw-itcm",2,124,"05ebbf9727fcabfab0108fc2708920e75c191279a9766a8ae91faea0fa4027c5",737280,PPBENCH,bench-nds-hw-arm-combined-physics-draw-itcm,overall_pass,1,1,1,1,1,0,0,8c4d9050,1
"melonds","selected",1,124,"48e5c410e13fcdd3da2e9cc3d7b578386003c6bd43c8a3fa0cad8b66d5a21f7d",737280,PPBENCH,bench-nds-hw-arm-combined-physics-line-itcm,benchmark_started,1,1,1,1,1,0,0,00000000,1
"melonds","selected",1,124,"48e5c410e13fcdd3da2e9cc3d7b578386003c6bd43c8a3fa0cad8b66d5a21f7d",737280,PPBENCH,bench-nds-hw-arm-combined-physics-line-itcm,file_output_ready,1,0,0,0,0,0,0,00000000,1
"melonds","selected",1,124,"48e5c410e13fcdd3da2e9cc3d7b578386003c6bd43c8a3fa0cad8b66d5a21f7d",737280,PPBENCH,bench-nds-hw-arm-combined-physics-line-itcm,timer_read_overhead_ticks,1,13,13,13,13,0,0,00000000,1
"melonds","selected",1,124,"48e5c410e13fcdd3da2e9cc3d7b578386003c6bd43c8a3fa0cad8b66d5a21f7d",737280,PPBENCH,bench-nds-hw-arm-combined-physics-line-itcm,scene_things_created,1,27,27,27,27,0,0,d8635f64,1
"melonds","selected",1,124,"48e5c410e13fcdd3da2e9cc3d7b578386003c6bd43c8a3fa0cad8b66d5a21f7d",737280,PPBENCH,bench-nds-hw-arm-combined-physics-line-itcm,scene_position_sum_x,1,2995,2995,2995,2995,0,0,d8635f64,1
"melonds","selected",1,124,"48e5c410e13fcdd3da2e9cc3d7b578386003c6bd43c8a3fa0cad8b66d5a21f7d",737280,PPBENCH,bench-nds-hw-arm-combined-physics-line-itcm,scene_position_sum_y,1,1943,1943,1943,1943,0,0,d8635f64,1
"melonds","selected",1,124,"48e5c410e13fcdd3da2e9cc3d7b578386003c6bd43c8a3fa0cad8b66d5a21f7d",737280,PPBENCH,bench-nds-hw-arm-combined-physics-line-itcm,hit_test_heap_delta_bytes,1,0,0,0,0,0,0,d82df0ac,1
"melonds","selected",1,124,"48e5c410e13fcdd3da2e9cc3d7b578386003c6bd43c8a3fa0cad8b66d5a21f7d",737280,PPBENCH,bench-nds-hw-arm-combined-physics-line-itcm,touch_create_and_drag,225,1402595,6233,28,96281,0,0,d8635f64,1
"melonds","selected",1,124,"48e5c410e13fcdd3da2e9cc3d7b578386003c6bd43c8a3fa0cad8b66d5a21f7d",737280,PPBENCH,bench-nds-hw-arm-combined-physics-line-itcm,hit_test,600,956374,1593,1214,2857,0,0,d82df0ac,1
"melonds","selected",1,124,"48e5c410e13fcdd3da2e9cc3d7b578386003c6bd43c8a3fa0cad8b66d5a21f7d",737280,PPBENCH,bench-nds-hw-arm-combined-physics-line-itcm,physics_step,240,26649212,111038,84318,163352,558566,0,8c4d9050,1
"melonds","selected",1,124,"48e5c410e13fcdd3da2e9cc3d7b578386003c6bd43c8a3fa0cad8b66d5a21f7d",737280,PPBENCH,bench-nds-hw-arm-combined-physics-line-itcm,render_frame,240,106743394,444764,34475,475296,558566,0,8c4d9050,1
"melonds","selected",1,124,"48e5c410e13fcdd3da2e9cc3d7b578386003c6bd43c8a3fa0cad8b66d5a21f7d",737280,PPBENCH,bench-nds-hw-arm-combined-physics-line-itcm,render_begin,240,127440,531,531,531,558566,0,8c4d9050,1
"melonds","selected",1,124,"48e5c410e13fcdd3da2e9cc3d7b578386003c6bd43c8a3fa0cad8b66d5a21f7d",737280,PPBENCH,bench-nds-hw-arm-combined-physics-line-itcm,render_canvas,240,106588594,444119,33830,474651,558566,0,8c4d9050,1
"melonds","selected",1,124,"48e5c410e13fcdd3da2e9cc3d7b578386003c6bd43c8a3fa0cad8b66d5a21f7d",737280,PPBENCH,bench-nds-hw-arm-combined-physics-line-itcm,render_end,240,8160,34,34,34,558566,0,8c4d9050,1
"melonds","selected",1,124,"48e5c410e13fcdd3da2e9cc3d7b578386003c6bd43c8a3fa0cad8b66d5a21f7d",737280,PPBENCH,bench-nds-hw-arm-combined-physics-line-itcm,frame_total,240,133427469,555947,121766,559837,558566,230,8c4d9050,1
"melonds","selected",1,124,"48e5c410e13fcdd3da2e9cc3d7b578386003c6bd43c8a3fa0cad8b66d5a21f7d",737280,PPBENCH,bench-nds-hw-arm-combined-physics-line-itcm,frame_over_1pct_count,1,0,0,0,0,0,0,8c4d9050,1
"melonds","selected",1,124,"48e5c410e13fcdd3da2e9cc3d7b578386003c6bd43c8a3fa0cad8b66d5a21f7d",737280,PPBENCH,bench-nds-hw-arm-combined-physics-line-itcm,frame_over_2x_count,1,0,0,0,0,0,0,8c4d9050,1
"melonds","selected",1,124,"48e5c410e13fcdd3da2e9cc3d7b578386003c6bd43c8a3fa0cad8b66d5a21f7d",737280,PPBENCH,bench-nds-hw-arm-combined-physics-line-itcm,visible_things_rendered,1,5166,5166,5166,5166,0,0,8c4d9050,1
"melonds","selected",1,124,"48e5c410e13fcdd3da2e9cc3d7b578386003c6bd43c8a3fa0cad8b66d5a21f7d",737280,PPBENCH,bench-nds-hw-arm-combined-physics-line-itcm,line_quads_rendered,1,22549,22549,22549,22549,0,0,8c4d9050,1
"melonds","selected",1,124,"48e5c410e13fcdd3da2e9cc3d7b578386003c6bd43c8a3fa0cad8b66d5a21f7d",737280,PPBENCH,bench-nds-hw-arm-combined-physics-line-itcm,things_final,1,27,27,27,27,0,0,8c4d9050,1
"melonds","selected",1,124,"48e5c410e13fcdd3da2e9cc3d7b578386003c6bd43c8a3fa0cad8b66d5a21f7d",737280,PPBENCH,bench-nds-hw-arm-combined-physics-line-itcm,behavior_pass,1,1,1,1,1,0,0,8c4d9050,1
"melonds","selected",1,124,"48e5c410e13fcdd3da2e9cc3d7b578386003c6bd43c8a3fa0cad8b66d5a21f7d",737280,PPBENCH,bench-nds-hw-arm-combined-physics-line-itcm,hit_test_heap_fixed_pass,1,1,1,1,1,0,0,d82df0ac,1
"melonds","selected",1,124,"48e5c410e13fcdd3da2e9cc3d7b578386003c6bd43c8a3fa0cad8b66d5a21f7d",737280,PPBENCH,bench-nds-hw-arm-combined-physics-line-itcm,overall_pass,1,1,1,1,1,0,0,8c4d9050,1
"melonds","selected",2,124,"48e5c410e13fcdd3da2e9cc3d7b578386003c6bd43c8a3fa0cad8b66d5a21f7d",737280,PPBENCH,bench-nds-hw-arm-combined-physics-line-itcm,benchmark_started,1,1,1,1,1,0,0,00000000,1
"melonds","selected",2,124,"48e5c410e13fcdd3da2e9cc3d7b578386003c6bd43c8a3fa0cad8b66d5a21f7d",737280,PPBENCH,bench-nds-hw-arm-combined-physics-line-itcm,file_output_ready,1,0,0,0,0,0,0,00000000,1
"melonds","selected",2,124,"48e5c410e13fcdd3da2e9cc3d7b578386003c6bd43c8a3fa0cad8b66d5a21f7d",737280,PPBENCH,bench-nds-hw-arm-combined-physics-line-itcm,timer_read_overhead_ticks,1,13,13,13,13,0,0,00000000,1
"melonds","selected",2,124,"48e5c410e13fcdd3da2e9cc3d7b578386003c6bd43c8a3fa0cad8b66d5a21f7d",737280,PPBENCH,bench-nds-hw-arm-combined-physics-line-itcm,scene_things_created,1,27,27,27,27,0,0,d8635f64,1
"melonds","selected",2,124,"48e5c410e13fcdd3da2e9cc3d7b578386003c6bd43c8a3fa0cad8b66d5a21f7d",737280,PPBENCH,bench-nds-hw-arm-combined-physics-line-itcm,scene_position_sum_x,1,2995,2995,2995,2995,0,0,d8635f64,1
"melonds","selected",2,124,"48e5c410e13fcdd3da2e9cc3d7b578386003c6bd43c8a3fa0cad8b66d5a21f7d",737280,PPBENCH,bench-nds-hw-arm-combined-physics-line-itcm,scene_position_sum_y,1,1943,1943,1943,1943,0,0,d8635f64,1
"melonds","selected",2,124,"48e5c410e13fcdd3da2e9cc3d7b578386003c6bd43c8a3fa0cad8b66d5a21f7d",737280,PPBENCH,bench-nds-hw-arm-combined-physics-line-itcm,hit_test_heap_delta_bytes,1,0,0,0,0,0,0,d82df0ac,1
"melonds","selected",2,124,"48e5c410e13fcdd3da2e9cc3d7b578386003c6bd43c8a3fa0cad8b66d5a21f7d",737280,PPBENCH,bench-nds-hw-arm-combined-physics-line-itcm,touch_create_and_drag,225,1402595,6233,28,96281,0,0,d8635f64,1
"melonds","selected",2,124,"48e5c410e13fcdd3da2e9cc3d7b578386003c6bd43c8a3fa0cad8b66d5a21f7d",737280,PPBENCH,bench-nds-hw-arm-combined-physics-line-itcm,hit_test,600,956374,1593,1214,2857,0,0,d82df0ac,1
"melonds","selected",2,124,"48e5c410e13fcdd3da2e9cc3d7b578386003c6bd43c8a3fa0cad8b66d5a21f7d",737280,PPBENCH,bench-nds-hw-arm-combined-physics-line-itcm,physics_step,240,26649212,111038,84318,163352,558566,0,8c4d9050,1
"melonds","selected",2,124,"48e5c410e13fcdd3da2e9cc3d7b578386003c6bd43c8a3fa0cad8b66d5a21f7d",737280,PPBENCH,bench-nds-hw-arm-combined-physics-line-itcm,render_frame,240,106743394,444764,34475,475296,558566,0,8c4d9050,1
"melonds","selected",2,124,"48e5c410e13fcdd3da2e9cc3d7b578386003c6bd43c8a3fa0cad8b66d5a21f7d",737280,PPBENCH,bench-nds-hw-arm-combined-physics-line-itcm,render_begin,240,127440,531,531,531,558566,0,8c4d9050,1
"melonds","selected",2,124,"48e5c410e13fcdd3da2e9cc3d7b578386003c6bd43c8a3fa0cad8b66d5a21f7d",737280,PPBENCH,bench-nds-hw-arm-combined-physics-line-itcm,render_canvas,240,106588594,444119,33830,474651,558566,0,8c4d9050,1
"melonds","selected",2,124,"48e5c410e13fcdd3da2e9cc3d7b578386003c6bd43c8a3fa0cad8b66d5a21f7d",737280,PPBENCH,bench-nds-hw-arm-combined-physics-line-itcm,render_end,240,8160,34,34,34,558566,0,8c4d9050,1
"melonds","selected",2,124,"48e5c410e13fcdd3da2e9cc3d7b578386003c6bd43c8a3fa0cad8b66d5a21f7d",737280,PPBENCH,bench-nds-hw-arm-combined-physics-line-itcm,frame_total,240,133427469,555947,121766,559837,558566,230,8c4d9050,1
"melonds","selected",2,124,"48e5c410e13fcdd3da2e9cc3d7b578386003c6bd43c8a3fa0cad8b66d5a21f7d",737280,PPBENCH,bench-nds-hw-arm-combined-physics-line-itcm,frame_over_1pct_count,1,0,0,0,0,0,0,8c4d9050,1
"melonds","selected",2,124,"48e5c410e13fcdd3da2e9cc3d7b578386003c6bd43c8a3fa0cad8b66d5a21f7d",737280,PPBENCH,bench-nds-hw-arm-combined-physics-line-itcm,frame_over_2x_count,1,0,0,0,0,0,0,8c4d9050,1
"melonds","selected",2,124,"48e5c410e13fcdd3da2e9cc3d7b578386003c6bd43c8a3fa0cad8b66d5a21f7d",737280,PPBENCH,bench-nds-hw-arm-combined-physics-line-itcm,visible_things_rendered,1,5166,5166,5166,5166,0,0,8c4d9050,1
"melonds","selected",2,124,"48e5c410e13fcdd3da2e9cc3d7b578386003c6bd43c8a3fa0cad8b66d5a21f7d",737280,PPBENCH,bench-nds-hw-arm-combined-physics-line-itcm,line_quads_rendered,1,22549,22549,22549,22549,0,0,8c4d9050,1
"melonds","selected",2,124,"48e5c410e13fcdd3da2e9cc3d7b578386003c6bd43c8a3fa0cad8b66d5a21f7d",737280,PPBENCH,bench-nds-hw-arm-combined-physics-line-itcm,things_final,1,27,27,27,27,0,0,8c4d9050,1
"melonds","selected",2,124,"48e5c410e13fcdd3da2e9cc3d7b578386003c6bd43c8a3fa0cad8b66d5a21f7d",737280,PPBENCH,bench-nds-hw-arm-combined-physics-line-itcm,behavior_pass,1,1,1,1,1,0,0,8c4d9050,1
"melonds","selected",2,124,"48e5c410e13fcdd3da2e9cc3d7b578386003c6bd43c8a3fa0cad8b66d5a21f7d",737280,PPBENCH,bench-nds-hw-arm-combined-physics-line-itcm,hit_test_heap_fixed_pass,1,1,1,1,1,0,0,d82df0ac,1
"melonds","selected",2,124,"48e5c410e13fcdd3da2e9cc3d7b578386003c6bd43c8a3fa0cad8b66d5a21f7d",737280,PPBENCH,bench-nds-hw-arm-combined-physics-line-itcm,overall_pass,1,1,1,1,1,0,0,8c4d9050,1
